<?xml version="1.0" encoding="utf-8"?>
<COLLADA xmlns="http://www.collada.org/2005/11/COLLADASchema" version="1.4.1" xmlns:xsi="http://www.w3.org/2001/XMLSchema-instance">
  <asset>
    <contributor>
      <author>Blender User</author>
      <authoring_tool>Blender 4.2.1 LTS commit date:2024-08-19, commit time:11:21, hash:396f546c9d82</authoring_tool>
    </contributor>
    <created>2024-08-24T13:29:38</created>
    <modified>2024-08-24T13:29:38</modified>
    <unit name="meter" meter="1"/>
    <up_axis>Z_UP</up_axis>
  </asset>
  <library_effects>
    <effect id="Material_001-effect">
      <profile_COMMON>
        <technique sid="common">
          <lambert>
            <emission>
              <color sid="emission">0 0 0 1</color>
            </emission>
            <diffuse>
              <color sid="diffuse">0.8 0.8 0.8 1</color>
            </diffuse>
            <reflectivity>
              <float sid="specular">1</float>
            </reflectivity>
            <index_of_refraction>
              <float sid="ior">1.5</float>
            </index_of_refraction>
          </lambert>
        </technique>
      </profile_COMMON>
    </effect>
  </library_effects>
  <library_images/>
  <library_materials>
    <material id="Material_001-material" name="Material.001">
      <instance_effect url="#Material_001-effect"/>
    </material>
  </library_materials>
  <library_geometries>
    <geometry id="Cylinder_002-mesh" name="Cylinder.002">
      <mesh>
        <source id="Cylinder_002-mesh-positions">
          <float_array id="Cylinder_002-mesh-positions-array" count="2880">0 0.6601756 0.04656672 0 0.6601756 -0.04656672 0.1287938 0.6474905 0.04656672 0.1287938 0.6474905 -0.04656672 0.2526383 0.6099227 0.04656672 0.2526383 0.6099227 -0.04656672 0.3667739 0.548916 0.04656672 0.3667739 0.548916 -0.04656672 0.4668146 0.4668146 0.04656672 0.4668146 0.4668146 -0.04656672 0.548916 0.3667739 0.04656672 0.548916 0.3667739 -0.04656672 0.6099227 0.2526383 0.04656672 0.6099227 0.2526383 -0.04656672 0.6474905 0.1287938 0.04656672 0.6474905 0.1287938 -0.04656672 0.6601756 0 0.04656672 0.6601756 0 -0.04656672 0.6474905 -0.1287938 0.04656672 0.6474905 -0.1287938 -0.04656672 0.6099227 -0.2526383 0.04656672 0.6099227 -0.2526383 -0.04656672 0.548916 -0.3667739 0.04656672 0.548916 -0.3667739 -0.04656672 0.4668146 -0.4668146 0.04656672 0.4668146 -0.4668146 -0.04656672 0.3667739 -0.548916 0.04656672 0.3667739 -0.548916 -0.04656672 0.2526383 -0.6099227 0.04656672 0.2526383 -0.6099227 -0.04656672 0.1287938 -0.6474905 0.04656672 0.1287938 -0.6474905 -0.04656672 0 -0.6601756 0.04656672 0 -0.6601756 -0.04656672 -0.1287938 -0.6474905 0.04656672 -0.1287938 -0.6474905 -0.04656672 -0.2526383 -0.6099227 0.04656672 -0.2526383 -0.6099227 -0.04656672 -0.3667739 -0.548916 0.04656672 -0.3667739 -0.548916 -0.04656672 -0.4668146 -0.4668146 0.04656672 -0.4668146 -0.4668146 -0.04656672 -0.548916 -0.3667739 0.04656672 -0.548916 -0.3667739 -0.04656672 -0.6099227 -0.2526383 0.04656672 -0.6099227 -0.2526383 -0.04656672 -0.6474905 -0.1287938 0.04656672 -0.6474905 -0.1287938 -0.04656672 -0.6601756 0 0.04656672 -0.6601756 0 -0.04656672 -0.6474905 0.1287938 0.04656672 -0.6474905 0.1287938 -0.04656672 -0.6099227 0.2526383 0.04656672 -0.6099227 0.2526383 -0.04656672 -0.548916 0.3667739 0.04656672 -0.548916 0.3667739 -0.04656672 -0.4668146 0.4668146 0.04656672 -0.4668146 0.4668146 -0.04656672 -0.3667739 0.548916 0.04656672 -0.3667739 0.548916 -0.04656672 -0.2526383 0.6099227 0.04656672 -0.2526383 0.6099227 -0.04656672 -0.1287938 0.6474905 0.04656672 -0.1287938 0.6474905 -0.04656672 0 0.8463791 -1.432966 -0.1651203 0.830116 -1.432966 -0.3238952 0.7819522 -1.432966 -0.470223 0.7037385 -1.432966 -0.5984804 0.5984804 -1.432966 -0.7037385 0.470223 -1.432966 -0.7819522 0.3238952 -1.432966 -0.830116 0.1651203 -1.432966 -0.8463791 0 -1.432966 -0.830116 -0.1651203 -1.432966 -0.7819522 -0.3238952 -1.432966 -0.7037385 -0.470223 -1.432966 -0.5984804 -0.5984804 -1.432966 -0.470223 -0.7037385 -1.432966 -0.3238952 -0.7819522 -1.432966 -0.1651203 -0.830116 -1.432966 0 -0.8463791 -1.432966 0.1651203 -0.830116 -1.432966 0.3238952 -0.7819522 -1.432966 0.470223 -0.7037385 -1.432966 0.5984804 -0.5984804 -1.432966 0.7037385 -0.470223 -1.432966 0.7819522 -0.3238952 -1.432966 0.830116 -0.1651203 -1.432966 0.8463791 0 -1.432966 0.830116 0.1651203 -1.432966 0.7819522 0.3238952 -1.432966 0.7037385 0.470223 -1.432966 0.5984804 0.5984804 -1.432966 0.470223 0.7037385 -1.432966 0.3238952 0.7819522 -1.432966 0.1651203 0.830116 -1.432966 0 0.7757657 1.439288 0.1513444 0.7608594 1.439288 0.2968727 0.716714 1.439288 0.4309923 0.6450256 1.439288 0.5485491 0.5485491 1.439288 0.6450256 0.4309923 1.439288 0.716714 0.2968727 1.439288 0.7608594 0.1513443 1.439288 0.7757657 0 1.439288 0.7608594 -0.1513444 1.439288 0.716714 -0.2968727 1.439288 0.6450256 -0.4309923 1.439288 0.5485491 -0.5485491 1.439288 0.4309923 -0.6450256 1.439288 0.2968727 -0.716714 1.439288 0.1513443 -0.7608594 1.439288 0 -0.7757657 1.439288 -0.1513444 -0.7608594 1.439288 -0.2968727 -0.716714 1.439288 -0.4309923 -0.6450256 1.439288 -0.5485491 -0.5485491 1.439288 -0.6450256 -0.4309923 1.439288 -0.716714 -0.2968727 1.439288 -0.7608594 -0.1513443 1.439288 -0.7757657 0 1.439288 -0.7608594 0.1513444 1.439288 -0.716714 0.2968727 1.439288 -0.6450256 0.4309923 1.439288 -0.5485491 0.5485491 1.439288 -0.4309923 0.6450256 1.439288 -0.2968727 0.716714 1.439288 -0.1513443 0.7608594 1.439288 0.127913 0.6430622 1.089455 0 0.6556606 1.089455 0.463622 0.463622 1.089455 0.5451619 0.3642655 1.089455 0.6556606 0 1.089455 0.6430622 -0.127913 1.089455 0.463622 -0.463622 1.089455 0.3642655 -0.5451619 1.089455 0 -0.6556606 1.089455 -0.127913 -0.6430622 1.089455 -0.463622 -0.463622 1.089455 -0.5451619 -0.3642655 1.089455 -0.6556606 0 1.089455 -0.6430622 0.127913 1.089455 -0.463622 0.463622 1.089455 -0.3642655 0.5451619 1.089455 0 0.6556606 -1.089455 0.127913 0.6430622 -1.089455 0.463622 0.463622 -1.089455 0.5451619 0.3642655 -1.089455 0.6556606 0 -1.089455 0.6430622 -0.127913 -1.089455 0.463622 -0.463622 -1.089455 0.3642655 -0.5451619 -1.089455 0 -0.6556606 -1.089455 -0.127913 -0.6430622 -1.089455 -0.463622 -0.463622 -1.089455 -0.5451619 -0.3642655 -1.089455 -0.6556606 0 -1.089455 -0.6430622 0.127913 -1.089455 -0.463622 0.463622 -1.089455 -0.3642655 0.5451619 -1.089455 0 0.8463791 -1.439288 0.1651204 0.8301162 -1.439288 0.1651204 0.8301162 1.439288 0 0.8463791 1.439288 0.3238953 0.7819523 -1.439288 0.3238953 0.7819523 1.439288 0.470223 0.7037385 -1.439288 0.470223 0.7037385 1.439288 0.5984804 0.5984804 -1.439288 0.5984804 0.5984804 1.439288 0.7037385 0.470223 -1.439288 0.7037385 0.470223 1.439288 0.7819523 0.3238953 -1.439288 0.7819523 0.3238953 1.439288 0.8301162 0.1651204 -1.439288 0.8301162 0.1651204 1.439288 0.8463791 0 -1.439288 0.8463791 0 1.439288 0.8301162 -0.1651204 -1.439288 0.8301162 -0.1651204 1.439288 0.7819523 -0.3238953 -1.439288 0.7819523 -0.3238953 1.439288 0.7037385 -0.470223 -1.439288 0.7037385 -0.470223 1.439288 0.5984804 -0.5984804 -1.439288 0.5984804 -0.5984804 1.439288 0.470223 -0.7037385 -1.439288 0.470223 -0.7037385 1.439288 0.3238953 -0.7819523 -1.439288 0.3238953 -0.7819523 1.439288 0.1651204 -0.8301162 -1.439288 0.1651204 -0.8301162 1.439288 0 -0.8463791 -1.439288 0 -0.8463791 1.439288 -0.1651204 -0.8301162 -1.439288 -0.1651204 -0.8301162 1.439288 -0.3238953 -0.7819523 -1.439288 -0.3238953 -0.7819523 1.439288 -0.470223 -0.7037385 -1.439288 -0.470223 -0.7037385 1.439288 -0.5984804 -0.5984804 -1.439288 -0.5984804 -0.5984804 1.439288 -0.7037385 -0.470223 -1.439288 -0.7037385 -0.470223 1.439288 -0.7819523 -0.3238953 -1.439288 -0.7819523 -0.3238953 1.439288 -0.8301162 -0.1651204 -1.439288 -0.8301162 -0.1651204 1.439288 -0.8463791 0 -1.439288 -0.8463791 0 1.439288 -0.8301162 0.1651204 -1.439288 -0.8301162 0.1651204 1.439288 -0.7819523 0.3238953 -1.439288 -0.7819523 0.3238953 1.439288 -0.7037385 0.470223 -1.439288 -0.7037385 0.470223 1.439288 -0.5984804 0.5984804 -1.439288 -0.5984804 0.5984804 1.439288 -0.470223 0.7037385 -1.439288 -0.470223 0.7037385 1.439288 -0.3238953 0.7819523 -1.439288 -0.3238953 0.7819523 1.439288 -0.1651204 0.8301162 -1.439288 -0.1651204 0.8301162 1.439288 0 0.7840577 -1.439288 0.152962 0.7689922 -1.439288 0.3000459 0.7243748 -1.439288 0.4355991 0.6519201 -1.439288 0.5544125 0.5544125 -1.439288 0.6519201 0.4355991 -1.439288 0.7243748 0.3000459 -1.439288 0.7689922 0.152962 -1.439288 0.7840577 0 -1.439288 0.7689922 -0.152962 -1.439288 0.7243748 -0.3000459 -1.439288 0.6519201 -0.4355991 -1.439288 0.5544125 -0.5544125 -1.439288 0.4355991 -0.6519201 -1.439288 0.3000459 -0.7243748 -1.439288 0.152962 -0.7689922 -1.439288 0 -0.7840577 -1.439288 -0.152962 -0.7689922 -1.439288 -0.3000459 -0.7243748 -1.439288 -0.4355991 -0.6519201 -1.439288 -0.5544125 -0.5544125 -1.439288 -0.6519201 -0.4355991 -1.439288 -0.7243748 -0.3000459 -1.439288 -0.7689922 -0.152962 -1.439288 -0.7840577 0 -1.439288 -0.7689922 0.152962 -1.439288 -0.7243748 0.3000459 -1.439288 -0.6519201 0.4355991 -1.439288 -0.5544125 0.5544125 -1.439288 -0.4355991 0.6519201 -1.439288 -0.3000459 0.7243748 -1.439288 -0.152962 0.7689922 -1.439288 0 0.6570402 -1.087343 0.1281821 0.6444153 -1.087343 0.2514384 0.6070259 -1.087343 0.365032 0.5463089 -1.087343 0.4645975 0.4645975 -1.087343 0.5463089 0.365032 -1.087343 0.6070259 0.2514384 -1.087343 0.6444153 0.1281821 -1.087343 0.6570402 0 -1.087343 0.6444153 -0.1281821 -1.087343 0.6070259 -0.2514384 -1.087343 0.5463089 -0.365032 -1.087343 0.4645975 -0.4645975 -1.087343 0.365032 -0.5463089 -1.087343 0.2514384 -0.6070259 -1.087343 0.1281821 -0.6444153 -1.087343 0 -0.6570402 -1.087343 -0.1281821 -0.6444153 -1.087343 -0.2514384 -0.6070259 -1.087343 -0.365032 -0.5463089 -1.087343 -0.4645975 -0.4645975 -1.087343 -0.5463089 -0.365032 -1.087343 -0.6070259 -0.2514384 -1.087343 -0.6444153 -0.1281821 -1.087343 -0.6570402 0 -1.087343 -0.6444153 0.1281821 -1.087343 -0.6070259 0.2514384 -1.087343 -0.5463089 0.365032 -1.087343 -0.4645975 0.4645975 -1.087343 -0.365032 0.5463089 -1.087343 -0.2514384 0.6070259 -1.087343 -0.1281821 0.6444153 -1.087343 0 0.6570402 -1.056105 0 0.8834632 -1.439288 0.1723551 0.8664876 -1.439288 0.1281821 0.6444153 -1.056105 0.3380867 0.8162134 -1.439288 0.2514384 0.6070259 -1.056105 0.4908258 0.7345727 -1.439288 0.365032 0.5463089 -1.056105 0.6247028 0.6247028 -1.439288 0.4645975 0.4645975 -1.056105 0.7345728 0.4908258 -1.439288 0.5463089 0.365032 -1.056105 0.8162134 0.3380867 -1.439288 0.6070259 0.2514384 -1.056105 0.8664876 0.1723551 -1.439288 0.6444153 0.1281821 -1.056105 0.8834632 0 -1.439288 0.6570402 0 -1.056105 0.8664876 -0.1723551 -1.439288 0.6444153 -0.1281821 -1.056105 0.8162134 -0.3380867 -1.439288 0.6070259 -0.2514384 -1.056105 0.7345727 -0.4908258 -1.439288 0.5463089 -0.365032 -1.056105 0.6247028 -0.6247028 -1.439288 0.4645975 -0.4645975 -1.056105 0.4908258 -0.7345728 -1.439288 0.365032 -0.5463089 -1.056105 0.3380867 -0.8162134 -1.439288 0.2514384 -0.6070259 -1.056105 0.1723551 -0.8664876 -1.439288 0.1281821 -0.6444153 -1.056105 0 -0.8834632 -1.439288 0 -0.6570402 -1.056105 -0.1723551 -0.8664876 -1.439288 -0.1281821 -0.6444153 -1.056105 -0.3380867 -0.8162134 -1.439288 -0.2514384 -0.6070259 -1.056105 -0.4908258 -0.7345727 -1.439288 -0.365032 -0.5463089 -1.056105 -0.6247028 -0.6247028 -1.439288 -0.4645975 -0.4645975 -1.056105 -0.7345728 -0.4908258 -1.439288 -0.5463089 -0.365032 -1.056105 -0.8162134 -0.3380867 -1.439288 -0.6070259 -0.2514384 -1.056105 -0.8664876 -0.1723551 -1.439288 -0.6444153 -0.1281821 -1.056105 -0.8834632 0 -1.439288 -0.6570402 0 -1.056105 -0.8664876 0.1723551 -1.439288 -0.6444153 0.1281821 -1.056105 -0.8162134 0.3380867 -1.439288 -0.6070259 0.2514384 -1.056105 -0.7345727 0.4908258 -1.439288 -0.5463089 0.365032 -1.056105 -0.6247028 0.6247028 -1.439288 -0.4645975 0.4645975 -1.056105 -0.4908258 0.7345728 -1.439288 -0.365032 0.5463089 -1.056105 -0.3380867 0.8162134 -1.439288 -0.2514384 0.6070259 -1.056105 -0.1723551 0.8664876 -1.439288 -0.1281821 0.6444153 -1.056105 0 0.6601758 -0.6207419 0 0.6601758 -0.7138753 0.1287938 0.6474906 -0.6207419 0.1287938 0.6474906 -0.7138753 0.2526383 0.6099228 -0.6207419 0.2526383 0.6099228 -0.7138753 0.366774 0.5489161 -0.6207419 0.366774 0.5489161 -0.7138753 0.4668147 0.4668147 -0.6207419 0.4668147 0.4668147 -0.7138753 0.5489161 0.366774 -0.6207419 0.5489161 0.366774 -0.7138753 0.6099228 0.2526383 -0.6207419 0.6099228 0.2526383 -0.7138753 0.6474906 0.1287938 -0.6207419 0.6474906 0.1287938 -0.7138753 0.6601758 0 -0.6207419 0.6601758 0 -0.7138753 0.6474906 -0.1287938 -0.6207419 0.6474906 -0.1287938 -0.7138753 0.6099228 -0.2526383 -0.6207419 0.6099228 -0.2526383 -0.7138753 0.5489161 -0.366774 -0.6207419 0.5489161 -0.366774 -0.7138753 0.4668147 -0.4668147 -0.6207419 0.4668147 -0.4668147 -0.7138753 0.366774 -0.5489161 -0.6207419 0.366774 -0.5489161 -0.7138753 0.2526383 -0.6099228 -0.6207419 0.2526383 -0.6099228 -0.7138753 0.1287938 -0.6474906 -0.6207419 0.1287938 -0.6474906 -0.7138753 0 -0.6601758 -0.6207419 0 -0.6601758 -0.7138753 -0.1287938 -0.6474906 -0.6207419 -0.1287938 -0.6474906 -0.7138753 -0.2526383 -0.6099228 -0.6207419 -0.2526383 -0.6099228 -0.7138753 -0.366774 -0.5489161 -0.6207419 -0.366774 -0.5489161 -0.7138753 -0.4668147 -0.4668147 -0.6207419 -0.4668147 -0.4668147 -0.7138753 -0.5489161 -0.366774 -0.6207419 -0.5489161 -0.366774 -0.7138753 -0.6099228 -0.2526383 -0.6207419 -0.6099228 -0.2526383 -0.7138753 -0.6474906 -0.1287938 -0.6207419 -0.6474906 -0.1287938 -0.7138753 -0.6601758 0 -0.6207419 -0.6601758 0 -0.7138753 -0.6474906 0.1287938 -0.6207419 -0.6474906 0.1287938 -0.7138753 -0.6099228 0.2526383 -0.6207419 -0.6099228 0.2526383 -0.7138753 -0.5489161 0.366774 -0.6207419 -0.5489161 0.366774 -0.7138753 -0.4668147 0.4668147 -0.6207419 -0.4668147 0.4668147 -0.7138753 -0.366774 0.5489161 -0.6207419 -0.366774 0.5489161 -0.7138753 -0.2526383 0.6099228 -0.6207419 -0.2526383 0.6099228 -0.7138753 -0.1287938 0.6474906 -0.6207419 -0.1287938 0.6474906 -0.7138753 0 0.6601758 0.646224 0 0.6601758 0.5530905 0.1287938 0.6474906 0.646224 0.1287938 0.6474906 0.5530905 0.2526383 0.6099228 0.646224 0.2526383 0.6099228 0.5530905 0.366774 0.5489161 0.646224 0.366774 0.5489161 0.5530905 0.4668147 0.4668147 0.646224 0.4668147 0.4668147 0.5530905 0.5489161 0.366774 0.646224 0.5489161 0.366774 0.5530905 0.6099228 0.2526383 0.646224 0.6099228 0.2526383 0.5530905 0.6474906 0.1287938 0.646224 0.6474906 0.1287938 0.5530905 0.6601758 0 0.646224 0.6601758 0 0.5530905 0.6474906 -0.1287938 0.646224 0.6474906 -0.1287938 0.5530905 0.6099228 -0.2526383 0.646224 0.6099228 -0.2526383 0.5530905 0.5489161 -0.366774 0.646224 0.5489161 -0.366774 0.5530905 0.4668147 -0.4668147 0.646224 0.4668147 -0.4668147 0.5530905 0.366774 -0.5489161 0.646224 0.366774 -0.5489161 0.5530905 0.2526383 -0.6099228 0.646224 0.2526383 -0.6099228 0.5530905 0.1287938 -0.6474906 0.646224 0.1287938 -0.6474906 0.5530905 0 -0.6601758 0.646224 0 -0.6601758 0.5530905 -0.1287938 -0.6474906 0.646224 -0.1287938 -0.6474906 0.5530905 -0.2526383 -0.6099228 0.646224 -0.2526383 -0.6099228 0.5530905 -0.366774 -0.5489161 0.646224 -0.366774 -0.5489161 0.5530905 -0.4668147 -0.4668147 0.646224 -0.4668147 -0.4668147 0.5530905 -0.5489161 -0.366774 0.646224 -0.5489161 -0.366774 0.5530905 -0.6099228 -0.2526383 0.646224 -0.6099228 -0.2526383 0.5530905 -0.6474906 -0.1287938 0.646224 -0.6474906 -0.1287938 0.5530905 -0.6601758 0 0.646224 -0.6601758 0 0.5530905 -0.6474906 0.1287938 0.646224 -0.6474906 0.1287938 0.5530905 -0.6099228 0.2526383 0.646224 -0.6099228 0.2526383 0.5530905 -0.5489161 0.366774 0.646224 -0.5489161 0.366774 0.5530905 -0.4668147 0.4668147 0.646224 -0.4668147 0.4668147 0.5530905 -0.366774 0.5489161 0.646224 -0.366774 0.5489161 0.5530905 -0.2526383 0.6099228 0.646224 -0.2526383 0.6099228 0.5530905 -0.1287938 0.6474906 0.646224 -0.1287938 0.6474906 0.5530905 0 0.6601756 0.04656672 0 0.6601756 -0.04656672 0.1287938 0.6474905 0.04656672 0.1287938 0.6474905 -0.04656672 0.2526383 0.6099227 0.04656672 0.2526383 0.6099227 -0.04656672 0.3667739 0.548916 0.04656672 0.3667739 0.548916 -0.04656672 0.4668146 0.4668146 0.04656672 0.4668146 0.4668146 -0.04656672 0.548916 0.3667739 0.04656672 0.548916 0.3667739 -0.04656672 0.6099227 0.2526383 0.04656672 0.6099227 0.2526383 -0.04656672 0.6474905 0.1287938 0.04656672 0.6474905 0.1287938 -0.04656672 0.6601756 0 0.04656672 0.6601756 0 -0.04656672 0.6474905 -0.1287938 0.04656672 0.6474905 -0.1287938 -0.04656672 0.6099227 -0.2526383 0.04656672 0.6099227 -0.2526383 -0.04656672 0.548916 -0.3667739 0.04656672 0.548916 -0.3667739 -0.04656672 0.4668146 -0.4668146 0.04656672 0.4668146 -0.4668146 -0.04656672 0.3667739 -0.548916 0.04656672 0.3667739 -0.548916 -0.04656672 0.2526383 -0.6099227 0.04656672 0.2526383 -0.6099227 -0.04656672 0.1287938 -0.6474905 0.04656672 0.1287938 -0.6474905 -0.04656672 0 -0.6601756 0.04656672 0 -0.6601756 -0.04656672 -0.1287938 -0.6474905 0.04656672 -0.1287938 -0.6474905 -0.04656672 -0.2526383 -0.6099227 0.04656672 -0.2526383 -0.6099227 -0.04656672 -0.3667739 -0.548916 0.04656672 -0.3667739 -0.548916 -0.04656672 -0.4668146 -0.4668146 0.04656672 -0.4668146 -0.4668146 -0.04656672 -0.548916 -0.3667739 0.04656672 -0.548916 -0.3667739 -0.04656672 -0.6099227 -0.2526383 0.04656672 -0.6099227 -0.2526383 -0.04656672 -0.6474905 -0.1287938 0.04656672 -0.6474905 -0.1287938 -0.04656672 -0.6601756 0 0.04656672 -0.6601756 0 -0.04656672 -0.6474905 0.1287938 0.04656672 -0.6474905 0.1287938 -0.04656672 -0.6099227 0.2526383 0.04656672 -0.6099227 0.2526383 -0.04656672 -0.548916 0.3667739 0.04656672 -0.548916 0.3667739 -0.04656672 -0.4668146 0.4668146 0.04656672 -0.4668146 0.4668146 -0.04656672 -0.3667739 0.548916 0.04656672 -0.3667739 0.548916 -0.04656672 -0.2526383 0.6099227 0.04656672 -0.2526383 0.6099227 -0.04656672 -0.1287938 0.6474905 0.04656672 -0.1287938 0.6474905 -0.04656672 0 0.8463791 -1.432966 -0.1651203 0.830116 -1.432966 -0.3238952 0.7819522 -1.432966 -0.470223 0.7037385 -1.432966 -0.5984804 0.5984804 -1.432966 -0.7037385 0.470223 -1.432966 -0.7819522 0.3238952 -1.432966 -0.830116 0.1651203 -1.432966 -0.8463791 0 -1.432966 -0.830116 -0.1651203 -1.432966 -0.7819522 -0.3238952 -1.432966 -0.7037385 -0.470223 -1.432966 -0.5984804 -0.5984804 -1.432966 -0.470223 -0.7037385 -1.432966 -0.3238952 -0.7819522 -1.432966 -0.1651203 -0.830116 -1.432966 0 -0.8463791 -1.432966 0.1651203 -0.830116 -1.432966 0.3238952 -0.7819522 -1.432966 0.470223 -0.7037385 -1.432966 0.5984804 -0.5984804 -1.432966 0.7037385 -0.470223 -1.432966 0.7819522 -0.3238952 -1.432966 0.830116 -0.1651203 -1.432966 0.8463791 0 -1.432966 0.830116 0.1651203 -1.432966 0.7819522 0.3238952 -1.432966 0.7037385 0.470223 -1.432966 0.5984804 0.5984804 -1.432966 0.470223 0.7037385 -1.432966 0.3238952 0.7819522 -1.432966 0.1651203 0.830116 -1.432966 0 0.7757657 1.439288 0.1513444 0.7608594 1.439288 0.2968727 0.716714 1.439288 0.4309923 0.6450256 1.439288 0.5485491 0.5485491 1.439288 0.6450256 0.4309923 1.439288 0.716714 0.2968727 1.439288 0.7608594 0.1513443 1.439288 0.7757657 0 1.439288 0.7608594 -0.1513444 1.439288 0.716714 -0.2968727 1.439288 0.6450256 -0.4309923 1.439288 0.5485491 -0.5485491 1.439288 0.4309923 -0.6450256 1.439288 0.2968727 -0.716714 1.439288 0.1513443 -0.7608594 1.439288 0 -0.7757657 1.439288 -0.1513444 -0.7608594 1.439288 -0.2968727 -0.716714 1.439288 -0.4309923 -0.6450256 1.439288 -0.5485491 -0.5485491 1.439288 -0.6450256 -0.4309923 1.439288 -0.716714 -0.2968727 1.439288 -0.7608594 -0.1513443 1.439288 -0.7757657 0 1.439288 -0.7608594 0.1513444 1.439288 -0.716714 0.2968727 1.439288 -0.6450256 0.4309923 1.439288 -0.5485491 0.5485491 1.439288 -0.4309923 0.6450256 1.439288 -0.2968727 0.716714 1.439288 -0.1513443 0.7608594 1.439288 0.127913 0.6430622 1.089455 0 0.6556606 1.089455 0.463622 0.463622 1.089455 0.5451619 0.3642655 1.089455 0.6556606 0 1.089455 0.6430622 -0.127913 1.089455 0.463622 -0.463622 1.089455 0.3642655 -0.5451619 1.089455 0 -0.6556606 1.089455 -0.127913 -0.6430622 1.089455 -0.463622 -0.463622 1.089455 -0.5451619 -0.3642655 1.089455 -0.6556606 0 1.089455 -0.6430622 0.127913 1.089455 -0.463622 0.463622 1.089455 -0.3642655 0.5451619 1.089455 0 0.6556606 -1.089455 0.127913 0.6430622 -1.089455 0.463622 0.463622 -1.089455 0.5451619 0.3642655 -1.089455 0.6556606 0 -1.089455 0.6430622 -0.127913 -1.089455 0.463622 -0.463622 -1.089455 0.3642655 -0.5451619 -1.089455 0 -0.6556606 -1.089455 -0.127913 -0.6430622 -1.089455 -0.463622 -0.463622 -1.089455 -0.5451619 -0.3642655 -1.089455 -0.6556606 0 -1.089455 -0.6430622 0.127913 -1.089455 -0.463622 0.463622 -1.089455 -0.3642655 0.5451619 -1.089455 0 0.8463791 -1.439288 0.1651204 0.8301162 -1.439288 0.1651204 0.8301162 1.439288 0 0.8463791 1.439288 0.3238953 0.7819523 -1.439288 0.3238953 0.7819523 1.439288 0.470223 0.7037385 -1.439288 0.470223 0.7037385 1.439288 0.5984804 0.5984804 -1.439288 0.5984804 0.5984804 1.439288 0.7037385 0.470223 -1.439288 0.7037385 0.470223 1.439288 0.7819523 0.3238953 -1.439288 0.7819523 0.3238953 1.439288 0.8301162 0.1651204 -1.439288 0.8301162 0.1651204 1.439288 0.8463791 0 -1.439288 0.8463791 0 1.439288 0.8301162 -0.1651204 -1.439288 0.8301162 -0.1651204 1.439288 0.7819523 -0.3238953 -1.439288 0.7819523 -0.3238953 1.439288 0.7037385 -0.470223 -1.439288 0.7037385 -0.470223 1.439288 0.5984804 -0.5984804 -1.439288 0.5984804 -0.5984804 1.439288 0.470223 -0.7037385 -1.439288 0.470223 -0.7037385 1.439288 0.3238953 -0.7819523 -1.439288 0.3238953 -0.7819523 1.439288 0.1651204 -0.8301162 -1.439288 0.1651204 -0.8301162 1.439288 0 -0.8463791 -1.439288 0 -0.8463791 1.439288 -0.1651204 -0.8301162 -1.439288 -0.1651204 -0.8301162 1.439288 -0.3238953 -0.7819523 -1.439288 -0.3238953 -0.7819523 1.439288 -0.470223 -0.7037385 -1.439288 -0.470223 -0.7037385 1.439288 -0.5984804 -0.5984804 -1.439288 -0.5984804 -0.5984804 1.439288 -0.7037385 -0.470223 -1.439288 -0.7037385 -0.470223 1.439288 -0.7819523 -0.3238953 -1.439288 -0.7819523 -0.3238953 1.439288 -0.8301162 -0.1651204 -1.439288 -0.8301162 -0.1651204 1.439288 -0.8463791 0 -1.439288 -0.8463791 0 1.439288 -0.8301162 0.1651204 -1.439288 -0.8301162 0.1651204 1.439288 -0.7819523 0.3238953 -1.439288 -0.7819523 0.3238953 1.439288 -0.7037385 0.470223 -1.439288 -0.7037385 0.470223 1.439288 -0.5984804 0.5984804 -1.439288 -0.5984804 0.5984804 1.439288 -0.470223 0.7037385 -1.439288 -0.470223 0.7037385 1.439288 -0.3238953 0.7819523 -1.439288 -0.3238953 0.7819523 1.439288 -0.1651204 0.8301162 -1.439288 -0.1651204 0.8301162 1.439288 0 0.7840577 -1.439288 0.152962 0.7689922 -1.439288 0.3000459 0.7243748 -1.439288 0.4355991 0.6519201 -1.439288 0.5544125 0.5544125 -1.439288 0.6519201 0.4355991 -1.439288 0.7243748 0.3000459 -1.439288 0.7689922 0.152962 -1.439288 0.7840577 0 -1.439288 0.7689922 -0.152962 -1.439288 0.7243748 -0.3000459 -1.439288 0.6519201 -0.4355991 -1.439288 0.5544125 -0.5544125 -1.439288 0.4355991 -0.6519201 -1.439288 0.3000459 -0.7243748 -1.439288 0.152962 -0.7689922 -1.439288 0 -0.7840577 -1.439288 -0.152962 -0.7689922 -1.439288 -0.3000459 -0.7243748 -1.439288 -0.4355991 -0.6519201 -1.439288 -0.5544125 -0.5544125 -1.439288 -0.6519201 -0.4355991 -1.439288 -0.7243748 -0.3000459 -1.439288 -0.7689922 -0.152962 -1.439288 -0.7840577 0 -1.439288 -0.7689922 0.152962 -1.439288 -0.7243748 0.3000459 -1.439288 -0.6519201 0.4355991 -1.439288 -0.5544125 0.5544125 -1.439288 -0.4355991 0.6519201 -1.439288 -0.3000459 0.7243748 -1.439288 -0.152962 0.7689922 -1.439288 0 0.6570402 -1.087343 0.1281821 0.6444153 -1.087343 0.2514384 0.6070259 -1.087343 0.365032 0.5463089 -1.087343 0.4645975 0.4645975 -1.087343 0.5463089 0.365032 -1.087343 0.6070259 0.2514384 -1.087343 0.6444153 0.1281821 -1.087343 0.6570402 0 -1.087343 0.6444153 -0.1281821 -1.087343 0.6070259 -0.2514384 -1.087343 0.5463089 -0.365032 -1.087343 0.4645975 -0.4645975 -1.087343 0.365032 -0.5463089 -1.087343 0.2514384 -0.6070259 -1.087343 0.1281821 -0.6444153 -1.087343 0 -0.6570402 -1.087343 -0.1281821 -0.6444153 -1.087343 -0.2514384 -0.6070259 -1.087343 -0.365032 -0.5463089 -1.087343 -0.4645975 -0.4645975 -1.087343 -0.5463089 -0.365032 -1.087343 -0.6070259 -0.2514384 -1.087343 -0.6444153 -0.1281821 -1.087343 -0.6570402 0 -1.087343 -0.6444153 0.1281821 -1.087343 -0.6070259 0.2514384 -1.087343 -0.5463089 0.365032 -1.087343 -0.4645975 0.4645975 -1.087343 -0.365032 0.5463089 -1.087343 -0.2514384 0.6070259 -1.087343 -0.1281821 0.6444153 -1.087343 0 0.6570402 -1.056105 0 0.8834632 -1.439288 0.1723551 0.8664876 -1.439288 0.1281821 0.6444153 -1.056105 0.3380867 0.8162134 -1.439288 0.2514384 0.6070259 -1.056105 0.4908258 0.7345727 -1.439288 0.365032 0.5463089 -1.056105 0.6247028 0.6247028 -1.439288 0.4645975 0.4645975 -1.056105 0.7345728 0.4908258 -1.439288 0.5463089 0.365032 -1.056105 0.8162134 0.3380867 -1.439288 0.6070259 0.2514384 -1.056105 0.8664876 0.1723551 -1.439288 0.6444153 0.1281821 -1.056105 0.8834632 0 -1.439288 0.6570402 0 -1.056105 0.8664876 -0.1723551 -1.439288 0.6444153 -0.1281821 -1.056105 0.8162134 -0.3380867 -1.439288 0.6070259 -0.2514384 -1.056105 0.7345727 -0.4908258 -1.439288 0.5463089 -0.365032 -1.056105 0.6247028 -0.6247028 -1.439288 0.4645975 -0.4645975 -1.056105 0.4908258 -0.7345728 -1.439288 0.365032 -0.5463089 -1.056105 0.3380867 -0.8162134 -1.439288 0.2514384 -0.6070259 -1.056105 0.1723551 -0.8664876 -1.439288 0.1281821 -0.6444153 -1.056105 0 -0.8834632 -1.439288 0 -0.6570402 -1.056105 -0.1723551 -0.8664876 -1.439288 -0.1281821 -0.6444153 -1.056105 -0.3380867 -0.8162134 -1.439288 -0.2514384 -0.6070259 -1.056105 -0.4908258 -0.7345727 -1.439288 -0.365032 -0.5463089 -1.056105 -0.6247028 -0.6247028 -1.439288 -0.4645975 -0.4645975 -1.056105 -0.7345728 -0.4908258 -1.439288 -0.5463089 -0.365032 -1.056105 -0.8162134 -0.3380867 -1.439288 -0.6070259 -0.2514384 -1.056105 -0.8664876 -0.1723551 -1.439288 -0.6444153 -0.1281821 -1.056105 -0.8834632 0 -1.439288 -0.6570402 0 -1.056105 -0.8664876 0.1723551 -1.439288 -0.6444153 0.1281821 -1.056105 -0.8162134 0.3380867 -1.439288 -0.6070259 0.2514384 -1.056105 -0.7345727 0.4908258 -1.439288 -0.5463089 0.365032 -1.056105 -0.6247028 0.6247028 -1.439288 -0.4645975 0.4645975 -1.056105 -0.4908258 0.7345728 -1.439288 -0.365032 0.5463089 -1.056105 -0.3380867 0.8162134 -1.439288 -0.2514384 0.6070259 -1.056105 -0.1723551 0.8664876 -1.439288 -0.1281821 0.6444153 -1.056105 0 0.6601758 -0.6207419 0 0.6601758 -0.7138753 0.1287938 0.6474906 -0.6207419 0.1287938 0.6474906 -0.7138753 0.2526383 0.6099228 -0.6207419 0.2526383 0.6099228 -0.7138753 0.366774 0.5489161 -0.6207419 0.366774 0.5489161 -0.7138753 0.4668147 0.4668147 -0.6207419 0.4668147 0.4668147 -0.7138753 0.5489161 0.366774 -0.6207419 0.5489161 0.366774 -0.7138753 0.6099228 0.2526383 -0.6207419 0.6099228 0.2526383 -0.7138753 0.6474906 0.1287938 -0.6207419 0.6474906 0.1287938 -0.7138753 0.6601758 0 -0.6207419 0.6601758 0 -0.7138753 0.6474906 -0.1287938 -0.6207419 0.6474906 -0.1287938 -0.7138753 0.6099228 -0.2526383 -0.6207419 0.6099228 -0.2526383 -0.7138753 0.5489161 -0.366774 -0.6207419 0.5489161 -0.366774 -0.7138753 0.4668147 -0.4668147 -0.6207419 0.4668147 -0.4668147 -0.7138753 0.366774 -0.5489161 -0.6207419 0.366774 -0.5489161 -0.7138753 0.2526383 -0.6099228 -0.6207419 0.2526383 -0.6099228 -0.7138753 0.1287938 -0.6474906 -0.6207419 0.1287938 -0.6474906 -0.7138753 0 -0.6601758 -0.6207419 0 -0.6601758 -0.7138753 -0.1287938 -0.6474906 -0.6207419 -0.1287938 -0.6474906 -0.7138753 -0.2526383 -0.6099228 -0.6207419 -0.2526383 -0.6099228 -0.7138753 -0.366774 -0.5489161 -0.6207419 -0.366774 -0.5489161 -0.7138753 -0.4668147 -0.4668147 -0.6207419 -0.4668147 -0.4668147 -0.7138753 -0.5489161 -0.366774 -0.6207419 -0.5489161 -0.366774 -0.7138753 -0.6099228 -0.2526383 -0.6207419 -0.6099228 -0.2526383 -0.7138753 -0.6474906 -0.1287938 -0.6207419 -0.6474906 -0.1287938 -0.7138753 -0.6601758 0 -0.6207419 -0.6601758 0 -0.7138753 -0.6474906 0.1287938 -0.6207419 -0.6474906 0.1287938 -0.7138753 -0.6099228 0.2526383 -0.6207419 -0.6099228 0.2526383 -0.7138753 -0.5489161 0.366774 -0.6207419 -0.5489161 0.366774 -0.7138753 -0.4668147 0.4668147 -0.6207419 -0.4668147 0.4668147 -0.7138753 -0.366774 0.5489161 -0.6207419 -0.366774 0.5489161 -0.7138753 -0.2526383 0.6099228 -0.6207419 -0.2526383 0.6099228 -0.7138753 -0.1287938 0.6474906 -0.6207419 -0.1287938 0.6474906 -0.7138753 0 0.6601758 0.646224 0 0.6601758 0.5530905 0.1287938 0.6474906 0.646224 0.1287938 0.6474906 0.5530905 0.2526383 0.6099228 0.646224 0.2526383 0.6099228 0.5530905 0.366774 0.5489161 0.646224 0.366774 0.5489161 0.5530905 0.4668147 0.4668147 0.646224 0.4668147 0.4668147 0.5530905 0.5489161 0.366774 0.646224 0.5489161 0.366774 0.5530905 0.6099228 0.2526383 0.646224 0.6099228 0.2526383 0.5530905 0.6474906 0.1287938 0.646224 0.6474906 0.1287938 0.5530905 0.6601758 0 0.646224 0.6601758 0 0.5530905 0.6474906 -0.1287938 0.646224 0.6474906 -0.1287938 0.5530905 0.6099228 -0.2526383 0.646224 0.6099228 -0.2526383 0.5530905 0.5489161 -0.366774 0.646224 0.5489161 -0.366774 0.5530905 0.4668147 -0.4668147 0.646224 0.4668147 -0.4668147 0.5530905 0.366774 -0.5489161 0.646224 0.366774 -0.5489161 0.5530905 0.2526383 -0.6099228 0.646224 0.2526383 -0.6099228 0.5530905 0.1287938 -0.6474906 0.646224 0.1287938 -0.6474906 0.5530905 0 -0.6601758 0.646224 0 -0.6601758 0.5530905 -0.1287938 -0.6474906 0.646224 -0.1287938 -0.6474906 0.5530905 -0.2526383 -0.6099228 0.646224 -0.2526383 -0.6099228 0.5530905 -0.366774 -0.5489161 0.646224 -0.366774 -0.5489161 0.5530905 -0.4668147 -0.4668147 0.646224 -0.4668147 -0.4668147 0.5530905 -0.5489161 -0.366774 0.646224 -0.5489161 -0.366774 0.5530905 -0.6099228 -0.2526383 0.646224 -0.6099228 -0.2526383 0.5530905 -0.6474906 -0.1287938 0.646224 -0.6474906 -0.1287938 0.5530905 -0.6601758 0 0.646224 -0.6601758 0 0.5530905 -0.6474906 0.1287938 0.646224 -0.6474906 0.1287938 0.5530905 -0.6099228 0.2526383 0.646224 -0.6099228 0.2526383 0.5530905 -0.5489161 0.366774 0.646224 -0.5489161 0.366774 0.5530905 -0.4668147 0.4668147 0.646224 -0.4668147 0.4668147 0.5530905 -0.366774 0.5489161 0.646224 -0.366774 0.5489161 0.5530905 -0.2526383 0.6099228 0.646224 -0.2526383 0.6099228 0.5530905 -0.1287938 0.6474906 0.646224 -0.1287938 0.6474906 0.5530905</float_array>
          <technique_common>
            <accessor source="#Cylinder_002-mesh-positions-array" count="960" stride="3">
              <param name="X" type="float"/>
              <param name="Y" type="float"/>
              <param name="Z" type="float"/>
            </accessor>
          </technique_common>
        </source>
        <source id="Cylinder_002-mesh-normals">
          <float_array id="Cylinder_002-mesh-normals-array" count="3444">0.09801733 0.9951847 0 0.2902847 0.9569403 0 0.4713964 0.8819214 0 0.6343936 0.7730103 0 0.7730103 0.6343936 0 0.8819214 0.4713964 0 0.9569403 0.2902847 0 0.9951847 0.09801733 0 0.9951847 -0.09801733 0 0.9569403 -0.2902847 0 0.8819214 -0.4713964 0 0.7730103 -0.6343936 0 0.6343936 -0.7730103 0 0.4713964 -0.8819214 0 0.2902847 -0.9569403 0 0.09801733 -0.9951847 0 -0.09801733 -0.9951847 0 -0.2902847 -0.9569403 0 -0.4713964 -0.8819214 0 -0.6343936 -0.7730103 0 -0.7730103 -0.6343936 0 -0.8819214 -0.4713964 0 -0.9569403 -0.2902847 0 -0.9951847 -0.09801733 0 -0.9951847 0.09801733 0 -0.9569403 0.2902847 0 -0.8819214 0.4713964 0 -0.7730103 0.6343936 0 -0.6343936 0.7730103 0 -0.4713964 0.8819214 0 -0.2902847 0.9569403 0 -0.09801733 0.9951847 0 0 0 -1 -0.09801715 -0.9951848 0 -0.7730101 -0.6343937 0 -0.9951848 0.09801715 0 -0.6343937 0.7730101 0 0.09801715 0.9951848 0 0.7730101 0.6343937 0 0.9951848 -0.09801715 0 0.6343937 -0.7730101 0 0.6343936 -0.7730102 0 0 0 -1 0 0 -1 0 0 -1 0 0 -1 0 0 -1 0 0 -1 0 0 -1 0 0 -1 0 0 -1 0 0 -1 0 0 -1 0 0 -1 0 0 -1 0 0 -1 0 0 -1 0 0 -1 0 0 -1 0 0 -1 0 0 -1 0 0 -1 0 0 -1 0 0 -1 0 0 -1 0 0 -1 0 0 -1 0 0 -1 0 0 -1 0 0 -1 0 0 -1 0 0 -1 0 0 -1 0 0 -1 0 0 1 0 0 1 0 0 1 0 0 1 0 0 1 0 0 1 0 0 1 0 0 1 0 0 1 0 0 1 0 0 1 0 0 1 0 0 1 0 0 1 0 0 1 0 0 1 0 0 1 0 0 1 0 0 1 0 0 1 0 0 1 0 0 1 0 0 1 0 0 1 0 0 1 0 0 1 0 0 1 0 0 1 0 0 1 0 0 1 0 0 1 0 0 1 -0.0861541 -0.8747361 0.4768795 -0.6794515 -0.5576121 0.4768798 -0.8747361 0.0861541 0.4768795 -0.5576121 0.6794515 0.4768798 0.0861541 0.8747361 0.4768795 0.6794515 0.5576121 0.4768798 0.8747361 -0.0861541 0.4768795 0.5576121 -0.6794515 0.4768798 0.09801727 -0.9951847 0 -0.4713968 -0.8819212 0 -0.6343933 -0.7730104 0 -0.7730102 -0.6343936 0 -0.8819214 -0.4713965 0 -0.9569402 -0.2902849 0 -0.9951847 -0.09801727 0 -0.9951847 0.09801727 0 -0.9569402 0.2902849 0 -0.8819212 0.4713968 0 -0.7730104 0.6343933 0 -0.6343936 0.7730102 0 -0.4713965 0.8819214 0 -0.2902849 0.9569402 0 -0.09801727 0.9951847 0 0.09801727 0.9951847 0 0.2902848 0.9569402 0 0.4713969 0.8819212 0 0.6343933 0.7730104 0 0.7730102 0.6343936 0 0.8819214 0.4713965 0 0.9569402 0.2902849 0 0.9951847 0.09801727 0 0.9951847 -0.09801727 0 0.9569402 -0.2902849 0 0.8819212 -0.4713968 0 0 0 -1 0.7730104 -0.6343933 0 0.4713966 -0.8819214 0 0.2902848 -0.9569402 0 0 0 -1 0 0 -1 0 0 -1 0 0 -1 0 0 -1 0 0 -1 0 0 -1 0 0 -1 0 0 -1 0 0 -1 0 0 -1 0 0 -1 -0.2902849 -0.9569402 0 0 0 -1 0 0 -1 0 0 -1 0 0 -1 0 0 -1 0 0 -1 0 0 -1 0 0 -1 0 0 -1 0 0 -1 0 0 -1 0 0 -1 0 0 -1 0 0 -1 0 0 -1 0 0 -1 0 0 -1 0 0 -1 0 0 -1 0.08449113 0.8578518 0.5069041 0.2502264 0.8248848 0.5069041 0.4063452 0.7602183 0.5069041 0.5468481 0.6663373 0.5069043 0.666337 0.5468485 0.5069041 0.7602185 0.4063448 0.5069041 0.8248848 0.2502264 0.506904 0.8578518 0.08449113 0.5069041 0.8578518 -0.08449113 0.5069041 0.8248848 -0.2502264 0.5069041 0.7602183 -0.4063452 0.5069041 0.6663373 -0.5468481 0.5069043 0.5468485 -0.666337 0.5069041 0.4063448 -0.7602185 0.5069041 0.2502264 -0.8248848 0.506904 0.08449113 -0.8578518 0.5069041 -0.08449113 -0.8578518 0.5069041 -0.2502264 -0.8248848 0.5069041 -0.4063452 -0.7602183 0.506904 -0.5468481 -0.6663373 0.5069043 -0.666337 -0.5468485 0.5069041 -0.7602185 -0.4063448 0.5069041 -0.8248848 -0.2502264 0.506904 -0.8578518 -0.08449113 0.5069041 -0.8578518 0.08449113 0.5069041 -0.8248848 0.2502264 0.5069041 -0.7602183 0.4063452 0.5069041 -0.6663373 0.5468481 0.5069043 -0.5468485 0.666337 0.5069041 -0.4063448 0.7602185 0.5069041 -0.2502264 0.8248848 0.506904 -0.08449107 0.8578518 0.5069041 -0.09801727 -0.9951847 0 0.09801781 0.9951846 0 0.2902847 0.9569403 0 0.4713963 0.8819215 0 0.6343936 0.7730102 0 0.7730102 0.6343936 0 0.8819215 0.4713963 0 0.9569403 0.2902847 0 0.9951846 0.09801781 0 0.9951846 -0.09801781 0 0.9569403 -0.2902847 0 0.8819215 -0.4713963 0 0.7730102 -0.6343936 0 0.6343936 -0.7730102 0 0.4713963 -0.8819215 0 0.2902847 -0.9569403 0 0.09801781 -0.9951846 0 -0.09801781 -0.9951846 0 -0.2902847 -0.9569403 0 -0.4713963 -0.8819215 0 -0.6343936 -0.7730102 0 -0.7730102 -0.6343936 0 -0.8819215 -0.4713963 0 -0.9569403 -0.2902847 0 -0.9951846 -0.09801781 0 -0.9951846 0.09801781 0 -0.9569403 0.2902847 0 -0.8819215 0.4713963 0 -0.7730102 0.6343936 0 -0.6343936 0.7730102 0 -0.4713963 0.8819215 0 -0.2902847 0.9569403 0 -0.09801781 0.9951846 0 0.09801781 0.9951846 0 0.2902847 0.9569403 0 0.4713963 0.8819215 0 0.6343936 0.7730102 0 0.7730102 0.6343936 0 0.8819215 0.4713963 0 0.9569403 0.2902847 0 0.9951846 0.09801781 0 0.9951846 -0.09801781 0 0.9569403 -0.2902847 0 0.8819215 -0.4713963 0 0.7730102 -0.6343936 0 0.6343936 -0.7730102 0 0.4713963 -0.8819215 0 0.2902847 -0.9569403 0 0.09801781 -0.9951846 0 -0.09801781 -0.9951846 0 -0.2902847 -0.9569403 0 -0.4713963 -0.8819215 0 -0.6343936 -0.7730102 0 -0.7730102 -0.6343936 0 -0.8819215 -0.4713963 0 -0.9569403 -0.2902847 0 -0.9951846 -0.09801781 0 -0.9951846 0.09801781 0 -0.9569403 0.2902847 0 -0.8819215 0.4713963 0 -0.7730102 0.6343936 0 -0.6343936 0.7730102 0 -0.4713963 0.8819215 0 -0.2902847 0.9569403 0 -0.09801781 0.9951846 0 -0.09801733 -0.9951847 0 -0.2902847 -0.9569403 0 -0.4713964 -0.8819214 0 -0.6343936 -0.7730103 0 -0.7730103 -0.6343936 0 -0.8819214 -0.4713964 0 -0.9569403 -0.2902847 0 -0.9951847 -0.09801733 0 -0.9951847 0.09801733 0 -0.9569403 0.2902847 0 -0.8819214 0.4713964 0 -0.7730103 0.6343936 0 -0.6343936 0.7730103 0 -0.4713964 0.8819214 0 -0.2902847 0.9569403 0 -0.09801733 0.9951847 0 0.09801733 0.9951847 0 0.2902847 0.9569403 0 0.4713964 0.8819214 0 0.6343936 0.7730103 0 0.7730103 0.6343936 0 0.8819214 0.4713964 0 0.9569403 0.2902847 0 0.9951847 0.09801733 0 0.9951847 -0.09801733 0 0.9569403 -0.2902847 0 0.8819214 -0.4713964 0 0.7730103 -0.6343936 0 0.6343936 -0.7730103 0 0.4713964 -0.8819214 0 0.2902847 -0.9569403 0 0.09801733 -0.9951847 0 0 0 1 0.09801715 0.9951848 0 0.7730101 0.6343937 0 0.9951848 -0.09801715 0 0.6343937 -0.7730101 0 -0.09801715 -0.9951848 0 -0.7730101 -0.6343937 0 -0.9951848 0.09801715 0 -0.6343937 0.7730101 0 -0.6343936 0.7730102 0 0 0 1 0 0 1 0 0 1 0 0 1 0 0 1 0 0 1 0 0 1 0 0 1 0 0 1 0 0 1 0 0 1 0 0 1 0 0 1 0 0 1 0 0 1 0 0 1 0 0 1 0 0 1 0 0 1 0 0 1 0 0 1 0 0 1 0 0 1 0 0 1 0 0 1 0 0 1 0 0 1 0 0 1 0 0 1 0 0 1 0 0 1 0 0 1 0 0 -1 0 0 -1 0 0 -1 0 0 -1 0 0 -1 0 0 -1 0 0 -1 0 0 -1 0 0 -1 0 0 -1 0 0 -1 0 0 -1 0 0 -1 0 0 -1 0 0 -1 0 0 -1 0 0 -1 0 0 -1 0 0 -1 0 0 -1 0 0 -1 0 0 -1 0 0 -1 0 0 -1 0 0 -1 0 0 -1 0 0 -1 0 0 -1 0 0 -1 0 0 -1 0 0 -1 0 0 -1 0.08615404 0.8747363 -0.4768796 0.6794519 0.5576118 -0.4768796 0.8747363 -0.08615404 -0.4768796 0.5576118 -0.6794519 -0.4768796 -0.08615404 -0.8747363 -0.4768796 -0.6794519 -0.5576118 -0.4768796 -0.8747363 0.08615404 -0.4768796 -0.5576118 0.6794519 -0.4768796 -0.09801727 0.9951847 0 0.4713968 0.8819212 0 0.6343933 0.7730104 0 0.7730102 0.6343936 0 0.8819214 0.4713965 0 0.9569402 0.2902849 0 0.9951847 0.09801727 0 0.9951847 -0.09801727 0 0.9569402 -0.2902849 0 0.8819212 -0.4713968 0 0.7730104 -0.6343933 0 0.6343936 -0.7730102 0 0.4713965 -0.8819214 0 0.2902849 -0.9569402 0 0.09801727 -0.9951847 0 -0.09801727 -0.9951847 0 -0.2902848 -0.9569402 0 -0.4713969 -0.8819212 0 -0.6343933 -0.7730104 0 -0.7730102 -0.6343936 0 -0.8819214 -0.4713965 0 -0.9569402 -0.2902849 0 -0.9951847 -0.09801727 0 -0.9951847 0.09801727 0 -0.9569402 0.2902849 0 -0.8819212 0.4713968 0 0 0 1 -0.7730104 0.6343933 0 -0.4713966 0.8819214 0 -0.2902848 0.9569402 0 0 0 1 0 0 1 0 0 1 0 0 1 0 0 1 0 0 1 0 0 1 0 0 1 0 0 1 0 0 1 0 0 1 0 0 1 0.2902849 0.9569402 0 0 0 1 0 0 1 0 0 1 0 0 1 0 0 1 0 0 1 0 0 1 0 0 1 0 0 1 0 0 1 0 0 1 0 0 1 0 0 1 0 0 1 0 0 1 0 0 1 0 0 1 0 0 1 0 0 1 -0.08449107 -0.8578518 -0.506904 -0.2502264 -0.8248848 -0.506904 -0.4063451 -0.7602183 -0.5069041 -0.5468486 -0.6663369 -0.5069041 -0.6663366 -0.5468488 -0.5069043 -0.7602185 -0.4063448 -0.5069041 -0.8248849 -0.2502263 -0.5069041 -0.8578518 -0.08449107 -0.5069041 -0.8578518 0.08449107 -0.5069041 -0.8248848 0.2502264 -0.506904 -0.7602183 0.4063451 -0.5069041 -0.6663369 0.5468486 -0.5069041 -0.5468488 0.6663366 -0.5069043 -0.4063448 0.7602185 -0.5069041 -0.2502263 0.8248849 -0.506904 -0.08449107 0.8578518 -0.5069041 0.08449107 0.8578518 -0.5069041 0.2502264 0.8248848 -0.506904 0.4063451 0.7602184 -0.506904 0.5468486 0.6663369 -0.5069041 0.6663366 0.5468488 -0.5069043 0.7602185 0.4063448 -0.5069041 0.8248849 0.2502263 -0.5069041 0.8578518 0.08449107 -0.5069041 0.8578518 -0.08449107 -0.5069041 0.8248848 -0.2502264 -0.506904 0.7602183 -0.4063451 -0.5069041 0.6663369 -0.5468486 -0.5069041 0.5468488 -0.6663366 -0.5069043 0.4063448 -0.7602185 -0.5069041 0.2502263 -0.824885 -0.5069041 0.08449113 -0.8578518 -0.5069041 0.09801727 0.9951847 0 -0.09801781 -0.9951846 0 -0.2902847 -0.9569403 0 -0.4713963 -0.8819215 0 -0.6343936 -0.7730102 0 -0.7730102 -0.6343936 0 -0.8819215 -0.4713963 0 -0.9569403 -0.2902847 0 -0.9951846 -0.09801781 0 -0.9951846 0.09801781 0 -0.9569403 0.2902847 0 -0.8819215 0.4713963 0 -0.7730102 0.6343936 0 -0.6343936 0.7730102 0 -0.4713963 0.8819215 0 -0.2902847 0.9569403 0 -0.09801781 0.9951846 0 0.09801781 0.9951846 0 0.2902847 0.9569403 0 0.4713963 0.8819215 0 0.6343936 0.7730102 0 0.7730102 0.6343936 0 0.8819215 0.4713963 0 0.9569403 0.2902847 0 0.9951846 0.09801781 0 0.9951846 -0.09801781 0 0.9569403 -0.2902847 0 0.8819215 -0.4713963 0 0.7730102 -0.6343936 0 0.6343936 -0.7730102 0 0.4713963 -0.8819215 0 0.2902847 -0.9569403 0 0.09801781 -0.9951846 0 -0.09801781 -0.9951846 0 -0.2902847 -0.9569403 0 -0.4713963 -0.8819215 0 -0.6343936 -0.7730102 0 -0.7730102 -0.6343936 0 -0.8819215 -0.4713963 0 -0.9569403 -0.2902847 0 -0.9951846 -0.09801781 0 -0.9951846 0.09801781 0 -0.9569403 0.2902847 0 -0.8819215 0.4713963 0 -0.7730102 0.6343936 0 -0.6343936 0.7730102 0 -0.4713963 0.8819215 0 -0.2902847 0.9569403 0 -0.09801781 0.9951846 0 0.09801781 0.9951846 0 0.2902847 0.9569403 0 0.4713963 0.8819215 0 0.6343936 0.7730102 0 0.7730102 0.6343936 0 0.8819215 0.4713963 0 0.9569403 0.2902847 0 0.9951846 0.09801781 0 0.9951846 -0.09801781 0 0.9569403 -0.2902847 0 0.8819215 -0.4713963 0 0.7730102 -0.6343936 0 0.6343936 -0.7730102 0 0.4713963 -0.8819215 0 0.2902847 -0.9569403 0 0.09801781 -0.9951846 0 0.09801733 0.9951847 0 0.2902847 0.9569403 0 0.4713964 0.8819214 0 0.6343936 0.7730103 0 0.7730103 0.6343936 0 0.8819214 0.4713964 0 0.9569403 0.2902847 0 0.9951847 0.09801733 0 0.9951847 -0.09801733 0 0.9569403 -0.2902847 0 0.8819214 -0.4713964 0 0.7730103 -0.6343936 0 0.6343936 -0.7730103 0 0.4713964 -0.8819214 0 0.2902847 -0.9569403 0 0.09801733 -0.9951847 0 -0.09801733 -0.9951847 0 -0.2902847 -0.9569403 0 -0.4713964 -0.8819214 0 -0.6343936 -0.7730103 0 -0.7730103 -0.6343936 0 -0.8819214 -0.4713964 0 -0.9569403 -0.2902847 0 -0.9951847 -0.09801733 0 -0.9951847 0.09801733 0 -0.9569403 0.2902847 0 -0.8819214 0.4713964 0 -0.7730103 0.6343936 0 -0.6343936 0.7730103 0 -0.4713964 0.8819214 0 -0.2902847 0.9569403 0 -0.09801733 0.9951847 0 0 0 -1 0 0 -1 0 0 -1 0 0 -1 0 0 -1 0 0 -1 0 0 -1 0 0 -1 0 0 -1 0 0 -1 0 0 -1 0 0 -1 0 0 -1 0 0 -1 0 0 -1 0 0 -1 0 0 -1 0 0 -1 0 0 -1 0 0 -1 0 0 -1 0 0 -1 0 0 -1 0 0 -1 0 0 -1 0 0 -1 0 0 -1 0 0 -1 0 0 -1 -0.09801715 -0.9951848 0 -0.7730101 -0.6343937 0 -0.9951848 0.09801715 0 -0.6343937 0.7730101 0 0.09801715 0.9951848 0 0.7730101 0.6343937 0 0.9951848 -0.09801715 0 0.6343937 -0.7730101 0 0.6343936 -0.7730102 0 0 0 -1 0 0 -1 0 0 -1 0 0 -1 0 0 -1 0 0 -1 0 0 -1 0 0 -1 0 0 -1 0 0 -1 0 0 -1 0 0 -1 0 0 -1 0 0 -1 0 0 -1 0 0 -1 0 0 -1 0 0 -1 0 0 -1 0 0 -1 0 0 -1 0 0 -1 0 0 -1 0 0 -1 0 0 -1 0 0 -1 0 0 -1 0 0 -1 0 0 -1 0 0 -1 0 0 -1 0 0 -1 0 0 1 0 0 1 0 0 1 0 0 1 0 0 1 0 0 1 0 0 1 0 0 1 0 0 1 0 0 1 0 0 1 0 0 1 0 0 1 0 0 1 0 0 1 0 0 1 0 0 1 0 0 1 0 0 1 0 0 1 0 0 1 0 0 1 0 0 1 0 0 1 0 0 1 0 0 1 0 0 1 0 0 1 0 0 1 0 0 1 0 0 1 0 0 1 -0.08615404 -0.8747363 0.4768796 -0.6794519 -0.5576118 0.4768796 -0.8747363 0.08615404 0.4768796 -0.5576118 0.6794519 0.4768796 0.08615404 0.8747363 0.4768796 0.6794519 0.5576118 0.4768796 0.8747363 -0.08615404 0.4768796 0.5576118 -0.6794519 0.4768796 0.09801727 -0.9951847 0 -0.4713968 -0.8819212 0 -0.6343933 -0.7730104 0 -0.7730102 -0.6343936 0 -0.8819214 -0.4713965 0 -0.9569402 -0.2902849 0 -0.9951847 -0.09801727 0 -0.9951847 0.09801727 0 -0.9569402 0.2902849 0 -0.8819212 0.4713968 0 -0.7730104 0.6343933 0 -0.6343936 0.7730102 0 -0.4713965 0.8819214 0 -0.2902849 0.9569402 0 -0.09801727 0.9951847 0 0.09801727 0.9951847 0 0.2902848 0.9569402 0 0.4713969 0.8819212 0 0.6343933 0.7730104 0 0.7730102 0.6343936 0 0.8819214 0.4713965 0 0.9569402 0.2902849 0 0.9951847 0.09801727 0 0.9951847 -0.09801727 0 0.9569402 -0.2902849 0 0.8819212 -0.4713968 0 0 0 -1 0.7730104 -0.6343933 0 0.4713966 -0.8819214 0 0.2902848 -0.9569402 0 0 0 -1 0 0 -1 0 0 -1 0 0 -1 0 0 -1 0 0 -1 0 0 -1 0 0 -1 0 0 -1 0 0 -1 0 0 -1 0 0 -1 -0.2902849 -0.9569402 0 0 0 -1 0 0 -1 0 0 -1 0 0 -1 0 0 -1 0 0 -1 0 0 -1 0 0 -1 0 0 -1 0 0 -1 0 0 -1 0 0 -1 0 0 -1 0 0 -1 0 0 -1 0 0 -1 0 0 -1 0 0 -1 0 0 -1 0.08449113 0.8578517 0.5069041 0.2502263 0.8248849 0.506904 0.4063453 0.7602183 0.5069041 0.5468486 0.6663369 0.5069041 0.6663366 0.5468488 0.5069043 0.7602185 0.4063449 0.5069041 0.8248849 0.2502263 0.506904 0.8578517 0.08449113 0.5069041 0.8578517 -0.08449113 0.5069041 0.8248849 -0.2502263 0.506904 0.7602183 -0.4063453 0.5069041 0.6663369 -0.5468486 0.5069041 0.5468488 -0.6663366 0.5069043 0.4063449 -0.7602185 0.5069041 0.2502263 -0.8248849 0.506904 0.08449113 -0.8578517 0.5069041 -0.08449113 -0.8578518 0.5069041 -0.2502263 -0.824885 0.5069041 -0.4063453 -0.7602182 0.506904 -0.5468486 -0.6663369 0.5069041 -0.6663366 -0.5468488 0.5069043 -0.7602185 -0.4063449 0.5069041 -0.8248849 -0.2502263 0.506904 -0.8578517 -0.08449113 0.5069041 -0.8578517 0.08449113 0.5069041 -0.8248849 0.2502263 0.506904 -0.7602183 0.4063453 0.5069041 -0.6663369 0.5468486 0.5069041 -0.5468488 0.6663366 0.5069043 -0.406345 0.7602185 0.506904 -0.2502263 0.824885 0.5069041 -0.08449113 0.8578518 0.5069041 -0.09801727 -0.9951847 0 0.09801781 0.9951846 0 0.2902847 0.9569403 0 0.4713963 0.8819215 0 0.6343936 0.7730102 0 0.7730102 0.6343936 0 0.8819215 0.4713963 0 0.9569403 0.2902847 0 0.9951846 0.09801781 0 0.9951846 -0.09801781 0 0.9569403 -0.2902847 0 0.8819215 -0.4713963 0 0.7730102 -0.6343936 0 0.6343936 -0.7730102 0 0.4713963 -0.8819215 0 0.2902847 -0.9569403 0 0.09801781 -0.9951846 0 -0.09801781 -0.9951846 0 -0.2902847 -0.9569403 0 -0.4713963 -0.8819215 0 -0.6343936 -0.7730102 0 -0.7730102 -0.6343936 0 -0.8819215 -0.4713963 0 -0.9569403 -0.2902847 0 -0.9951846 -0.09801781 0 -0.9951846 0.09801781 0 -0.9569403 0.2902847 0 -0.8819215 0.4713963 0 -0.7730102 0.6343936 0 -0.6343936 0.7730102 0 -0.4713963 0.8819215 0 -0.2902847 0.9569403 0 -0.09801781 0.9951846 0 0.09801781 0.9951846 0 0.2902847 0.9569403 0 0.4713963 0.8819215 0 0.6343936 0.7730102 0 0.7730102 0.6343936 0 0.8819215 0.4713963 0 0.9569403 0.2902847 0 0.9951846 0.09801781 0 0.9951846 -0.09801781 0 0.9569403 -0.2902847 0 0.8819215 -0.4713963 0 0.7730102 -0.6343936 0 0.6343936 -0.7730102 0 0.4713963 -0.8819215 0 0.2902847 -0.9569403 0 0.09801781 -0.9951846 0 -0.09801781 -0.9951846 0 -0.2902847 -0.9569403 0 -0.4713963 -0.8819215 0 -0.6343936 -0.7730102 0 -0.7730102 -0.6343936 0 -0.8819215 -0.4713963 0 -0.9569403 -0.2902847 0 -0.9951846 -0.09801781 0 -0.9951846 0.09801781 0 -0.9569403 0.2902847 0 -0.8819215 0.4713963 0 -0.7730102 0.6343936 0 -0.6343936 0.7730102 0 -0.4713963 0.8819215 0 -0.2902847 0.9569403 0 -0.09801781 0.9951846 0 -0.09801733 -0.9951847 0 -0.2902847 -0.9569403 0 -0.4713964 -0.8819214 0 -0.6343936 -0.7730103 0 -0.7730103 -0.6343936 0 -0.8819214 -0.4713964 0 -0.9569403 -0.2902847 0 -0.9951847 -0.09801733 0 -0.9951847 0.09801733 0 -0.9569403 0.2902847 0 -0.8819214 0.4713964 0 -0.7730103 0.6343936 0 -0.6343936 0.7730103 0 -0.4713964 0.8819214 0 -0.2902847 0.9569403 0 -0.09801733 0.9951847 0 0.09801733 0.9951847 0 0.2902847 0.9569403 0 0.4713964 0.8819214 0 0.6343936 0.7730103 0 0.7730103 0.6343936 0 0.8819214 0.4713964 0 0.9569403 0.2902847 0 0.9951847 0.09801733 0 0.9951847 -0.09801733 0 0.9569403 -0.2902847 0 0.8819214 -0.4713964 0 0.7730103 -0.6343936 0 0.6343936 -0.7730103 0 0.4713964 -0.8819214 0 0.2902847 -0.9569403 0 0.09801733 -0.9951847 0 0 0 1 0 0 1 0 0 1 0 0 1 0 0 1 0 0 1 0 0 1 0 0 1 0 0 1 0 0 1 0 0 1 0 0 1 0 0 1 0 0 1 0 0 1 0 0 1 0 0 1 0 0 1 0 0 1 0 0 1 0 0 1 0 0 1 0 0 1 0 0 1 0 0 1 0 0 1 0 0 1 0 0 1 0 0 1 0.09801715 0.9951848 0 0.7730101 0.6343937 0 0.9951848 -0.09801715 0 0.6343937 -0.7730101 0 -0.09801715 -0.9951848 0 -0.7730101 -0.6343937 0 -0.9951848 0.09801715 0 -0.6343937 0.7730101 0 -0.6343936 0.7730102 0 0 0 1 0 0 1 0 0 1 0 0 1 0 0 1 0 0 1 0 0 1 0 0 1 0 0 1 0 0 1 0 0 1 0 0 1 0 0 1 0 0 1 0 0 1 0 0 1 0 0 1 0 0 1 0 0 1 0 0 1 0 0 1 0 0 1 0 0 1 0 0 1 0 0 1 0 0 1 0 0 1 0 0 1 0 0 1 0 0 1 0 0 1 0 0 1 0 0 -1 0 0 -1 0 0 -1 0 0 -1 0 0 -1 0 0 -1 0 0 -1 0 0 -1 0 0 -1 0 0 -1 0 0 -1 0 0 -1 0 0 -1 0 0 -1 0 0 -1 0 0 -1 0 0 -1 0 0 -1 0 0 -1 0 0 -1 0 0 -1 0 0 -1 0 0 -1 0 0 -1 0 0 -1 0 0 -1 0 0 -1 0 0 -1 0 0 -1 0 0 -1 0 0 -1 0 0 -1 0.08615398 0.8747361 -0.4768796 0.6794516 0.5576121 -0.4768798 0.8747361 -0.08615398 -0.4768796 0.5576121 -0.6794516 -0.4768798 -0.08615398 -0.8747361 -0.4768796 -0.6794516 -0.5576121 -0.4768798 -0.8747361 0.08615398 -0.4768796 -0.5576121 0.6794516 -0.4768798 -0.09801727 0.9951847 0 0.4713968 0.8819212 0 0.6343933 0.7730104 0 0.7730102 0.6343936 0 0.8819214 0.4713965 0 0.9569402 0.2902849 0 0.9951847 0.09801727 0 0.9951847 -0.09801727 0 0.9569402 -0.2902849 0 0.8819212 -0.4713968 0 0.7730104 -0.6343933 0 0.6343936 -0.7730102 0 0.4713965 -0.8819214 0 0.2902849 -0.9569402 0 0.09801727 -0.9951847 0 -0.09801727 -0.9951847 0 -0.2902848 -0.9569402 0 -0.4713969 -0.8819212 0 -0.6343933 -0.7730104 0 -0.7730102 -0.6343936 0 -0.8819214 -0.4713965 0 -0.9569402 -0.2902849 0 -0.9951847 -0.09801727 0 -0.9951847 0.09801727 0 -0.9569402 0.2902849 0 -0.8819212 0.4713968 0 0 0 1 -0.7730104 0.6343933 0 -0.4713966 0.8819214 0 -0.2902848 0.9569402 0 0 0 1 0 0 1 0 0 1 0 0 1 0 0 1 0 0 1 0 0 1 0 0 1 0 0 1 0 0 1 0 0 1 0 0 1 0.2902849 0.9569402 0 0 0 1 0 0 1 0 0 1 0 0 1 0 0 1 0 0 1 0 0 1 0 0 1 0 0 1 0 0 1 0 0 1 0 0 1 0 0 1 0 0 1 0 0 1 0 0 1 0 0 1 0 0 1 0 0 1 -0.08449113 -0.8578517 -0.5069041 -0.2502263 -0.8248849 -0.506904 -0.4063453 -0.7602183 -0.5069041 -0.5468481 -0.6663373 -0.5069042 -0.666337 -0.5468484 -0.5069041 -0.7602185 -0.4063449 -0.5069041 -0.8248848 -0.2502264 -0.5069041 -0.8578517 -0.08449113 -0.5069041 -0.8578517 0.08449113 -0.5069041 -0.8248849 0.2502263 -0.506904 -0.7602183 0.4063453 -0.5069041 -0.6663373 0.5468481 -0.5069042 -0.5468484 0.666337 -0.5069041 -0.4063449 0.7602185 -0.5069041 -0.2502264 0.8248848 -0.5069041 -0.08449113 0.8578517 -0.5069041 0.08449113 0.8578518 -0.5069041 0.2502263 0.824885 -0.5069041 0.4063453 0.7602182 -0.506904 0.5468481 0.6663373 -0.5069042 0.666337 0.5468484 -0.5069041 0.7602185 0.4063449 -0.5069041 0.8248848 0.2502264 -0.5069041 0.8578517 0.08449113 -0.5069041 0.8578517 -0.08449113 -0.5069041 0.8248849 -0.2502263 -0.506904 0.7602183 -0.4063453 -0.5069041 0.6663373 -0.5468481 -0.5069042 0.5468484 -0.666337 -0.5069041 0.406345 -0.7602185 -0.506904 0.2502264 -0.8248848 -0.5069041 0.08449113 -0.8578516 -0.5069041 0.09801727 0.9951847 0 -0.09801781 -0.9951846 0 -0.2902847 -0.9569403 0 -0.4713963 -0.8819215 0 -0.6343936 -0.7730102 0 -0.7730102 -0.6343936 0 -0.8819215 -0.4713963 0 -0.9569403 -0.2902847 0 -0.9951846 -0.09801781 0 -0.9951846 0.09801781 0 -0.9569403 0.2902847 0 -0.8819215 0.4713963 0 -0.7730102 0.6343936 0 -0.6343936 0.7730102 0 -0.4713963 0.8819215 0 -0.2902847 0.9569403 0 -0.09801781 0.9951846 0 0.09801781 0.9951846 0 0.2902847 0.9569403 0 0.4713963 0.8819215 0 0.6343936 0.7730102 0 0.7730102 0.6343936 0 0.8819215 0.4713963 0 0.9569403 0.2902847 0 0.9951846 0.09801781 0 0.9951846 -0.09801781 0 0.9569403 -0.2902847 0 0.8819215 -0.4713963 0 0.7730102 -0.6343936 0 0.6343936 -0.7730102 0 0.4713963 -0.8819215 0 0.2902847 -0.9569403 0 0.09801781 -0.9951846 0 -0.09801781 -0.9951846 0 -0.2902847 -0.9569403 0 -0.4713963 -0.8819215 0 -0.6343936 -0.7730102 0 -0.7730102 -0.6343936 0 -0.8819215 -0.4713963 0 -0.9569403 -0.2902847 0 -0.9951846 -0.09801781 0 -0.9951846 0.09801781 0 -0.9569403 0.2902847 0 -0.8819215 0.4713963 0 -0.7730102 0.6343936 0 -0.6343936 0.7730102 0 -0.4713963 0.8819215 0 -0.2902847 0.9569403 0 -0.09801781 0.9951846 0 0.09801781 0.9951846 0 0.2902847 0.9569403 0 0.4713963 0.8819215 0 0.6343936 0.7730102 0 0.7730102 0.6343936 0 0.8819215 0.4713963 0 0.9569403 0.2902847 0 0.9951846 0.09801781 0 0.9951846 -0.09801781 0 0.9569403 -0.2902847 0 0.8819215 -0.4713963 0 0.7730102 -0.6343936 0 0.6343936 -0.7730102 0 0.4713963 -0.8819215 0 0.2902847 -0.9569403 0 0.09801781 -0.9951846 0</float_array>
          <technique_common>
            <accessor source="#Cylinder_002-mesh-normals-array" count="1148" stride="3">
              <param name="X" type="float"/>
              <param name="Y" type="float"/>
              <param name="Z" type="float"/>
            </accessor>
          </technique_common>
        </source>
        <source id="Cylinder_002-mesh-map-0">
          <float_array id="Cylinder_002-mesh-map-0-array" count="6888">0.4774272 0.7921522 0.4902127 0.8099187 0.4774272 0.8099187 0.4774272 0.7747271 0.4902127 0.7921522 0.4774272 0.7921522 0.4774272 0.758313 0.4902127 0.7747271 0.4774272 0.7747271 0.4774272 0.7435407 0.4902127 0.758313 0.4774272 0.758313 0.4774272 0.7309778 0.4902127 0.7435407 0.4774272 0.7435407 0.8853172 0.9616683 0.8981027 0.9764406 0.8853172 0.9764406 0.8853172 0.9452542 0.8981027 0.9616683 0.8853172 0.9616683 0.8853172 0.927829 0.8981027 0.9452542 0.8853172 0.9452542 0.8853172 0.9100625 0.8981027 0.927829 0.8853172 0.927829 0.8853172 0.8926374 0.8981027 0.9100625 0.8853172 0.9100625 0.8853172 0.8762233 0.8981027 0.8926374 0.8853172 0.8926374 0.8853172 0.861451 0.8981027 0.8762233 0.8853172 0.8762233 0.7115224 0.8440923 0.7243078 0.8587097 0.7115224 0.8587097 0.7115224 0.8277856 0.7243078 0.8440923 0.7115224 0.8440923 0.7115224 0.8104163 0.7243078 0.8277856 0.7115224 0.8277856 0.7115224 0.792652 0.7243078 0.8104163 0.7115224 0.8104163 0.7115224 0.7751752 0.7243078 0.792652 0.7115224 0.792652 0.7115224 0.7586576 0.7243078 0.7751752 0.7115224 0.7751752 0.7115224 0.743734 0.7243078 0.7586576 0.7115224 0.7586576 0.7115224 0.7309778 0.7243078 0.743734 0.7115224 0.743734 0.8853172 0.8362094 0.8981027 0.8508269 0.8853172 0.8508269 0.8853172 0.8199028 0.8981027 0.8362094 0.8853172 0.8362094 0.8853172 0.8025335 0.8981027 0.8199028 0.8853172 0.8199028 0.8853172 0.7847691 0.8981027 0.8025335 0.8853172 0.8025335 0.8853172 0.7672923 0.8981027 0.7847691 0.8853172 0.7847691 0.8853172 0.7507748 0.8981027 0.7672923 0.8853172 0.7672923 0.8853172 0.7358511 0.8981027 0.7507748 0.8853172 0.7507748 0.8853172 0.723095 0.8981027 0.7358511 0.8853172 0.7358511 0.4774272 0.8585302 0.4902127 0.871093 0.4774272 0.871093 0.4774272 0.8437579 0.4902127 0.8585302 0.4774272 0.8585302 0.4774272 0.8273438 0.4902127 0.8437579 0.4774272 0.8437579 0.4774272 0.8099187 0.4902127 0.8273438 0.4774272 0.8273438 0.7173264 0.3080605 0.6696268 0.4653049 0.5123824 0.4176053 0.211143 0.8565784 0.2347083 0.5578803 0.2284964 0.8569388 0.8366528 0.3535795 0.8365896 0.05410438 0.851153 0.3528727 0.861777 0.3525354 0.8853424 0.05383729 0.8791306 0.3528958 0.7990096 0.7128644 0.7940559 0.4135223 0.8114654 0.7121382 0.8985327 0.711352 0.9161777 0.412229 0.9161777 0.711352 0.7411108 0.35305 0.770976 0.05516016 0.7535665 0.3537762 0.9319342 0.711352 0.9495792 0.412229 0.9495792 0.711352 0.8366527 0.7124711 0.8365896 0.4129959 0.851153 0.7117642 0.9912554 0.1430613 0.9869669 0.1576093 0.9869669 0.1430613 0.2669807 0.1313829 0.2573335 0.1095555 0.2669807 0.1105057 0.2573335 0.1095555 0.2710536 0.09002959 0.2669807 0.1105057 0.2617772 0.0872156 0.279043 0.07074153 0.2710536 0.09002959 0.2704938 0.06617188 0.2906418 0.05338275 0.279043 0.07074153 0.2831483 0.04723298 0.3054042 0.03862029 0.2906418 0.05338275 0.3054042 0.03862029 0.3181933 0.01847225 0.322763 0.02702152 0.322763 0.02702152 0.339237 0.009755671 0.342051 0.01903218 0.339237 0.009755671 0.3625271 0.01495921 0.342051 0.01903218 0.3625271 0.01495921 0.3843545 0.005311965 0.3834044 0.01495921 0.3843545 0.005311965 0.4038805 0.01903212 0.3834044 0.01495921 0.4066945 0.009755671 0.4231685 0.02702152 0.4038805 0.01903212 0.4277382 0.01847225 0.4405273 0.03862029 0.4231685 0.02702152 0.446677 0.03112679 0.4552897 0.05338275 0.4405273 0.03862029 0.4552897 0.05338275 0.4754378 0.06617182 0.4668886 0.07074153 0.4668886 0.07074153 0.4841544 0.0872156 0.4748779 0.09002959 0.4841544 0.0872156 0.4789509 0.1105057 0.4748779 0.09002959 0.4789509 0.1105057 0.4885981 0.132333 0.4789509 0.1313829 0.4885981 0.132333 0.4748779 0.151859 0.4789509 0.1313829 0.4841544 0.154673 0.4668886 0.1711471 0.4748779 0.151859 0.4754378 0.1757167 0.4552898 0.1885058 0.4668886 0.1711471 0.4627832 0.1946555 0.4405273 0.2032683 0.4552898 0.1885058 0.4405273 0.2032683 0.4277382 0.2234163 0.4231685 0.2148671 0.4231685 0.2148671 0.4066945 0.2321329 0.4038805 0.2228564 0.4066945 0.2321329 0.3834044 0.2269294 0.4038805 0.2228564 0.3834044 0.2269294 0.361577 0.2365766 0.3625271 0.2269294 0.361577 0.2365766 0.342051 0.2228564 0.3625271 0.2269294 0.3392371 0.2321329 0.322763 0.2148671 0.342051 0.2228564 0.3181933 0.2234163 0.3054042 0.2032683 0.322763 0.2148671 0.2992545 0.2107618 0.2906418 0.1885058 0.3054042 0.2032683 0.2906418 0.1885058 0.2704938 0.1757167 0.279043 0.1711471 0.279043 0.1711471 0.2617772 0.154673 0.2710536 0.151859 0.2617772 0.154673 0.2669807 0.1313829 0.2710536 0.151859 0.2617772 0.3965616 0.2658478 0.3733831 0.2699643 0.3940781 0.2704938 0.4176054 0.2699643 0.3940781 0.2780391 0.4135723 0.2831483 0.4365442 0.2780391 0.4135723 0.2897619 0.4311167 0.2992545 0.4526504 0.2897619 0.4311167 0.3046821 0.4460369 0.3222264 0.4577596 0.2992545 0.4526504 0.3046821 0.4460369 0.3417207 0.4658344 0.3181934 0.465305 0.3222264 0.4577596 0.361577 0.4784652 0.3417207 0.4658344 0.3624156 0.4699509 0.383516 0.4699509 0.361577 0.4784652 0.3624156 0.4699509 0.4066945 0.4740216 0.383516 0.4699509 0.4042109 0.4658344 0.4277383 0.4653049 0.4042109 0.4658344 0.4237052 0.4577596 0.4466771 0.4526504 0.4237052 0.4577596 0.4412495 0.4460369 0.4627833 0.4365442 0.4412495 0.4460369 0.4561697 0.4311167 0.4678925 0.4135723 0.4627833 0.4365442 0.4561697 0.4311167 0.4759672 0.3940781 0.4754378 0.4176054 0.4678925 0.4135723 0.4885981 0.3742217 0.4759672 0.3940781 0.4800837 0.3733831 0.4800837 0.3522827 0.4885981 0.3742217 0.4800837 0.3733831 0.4841544 0.3291042 0.4800837 0.3522827 0.4759672 0.3315877 0.4754378 0.3080605 0.4759672 0.3315877 0.4678925 0.3120936 0.4627832 0.2891216 0.4678925 0.3120936 0.4561697 0.2945492 0.4466771 0.2730154 0.4561697 0.2945492 0.4412495 0.279629 0.4237052 0.2679063 0.4466771 0.2730154 0.4412495 0.279629 0.4042109 0.2598314 0.4277382 0.2603609 0.4237052 0.2679063 0.3843545 0.2472006 0.4042109 0.2598314 0.383516 0.255715 0.3624156 0.255715 0.3843545 0.2472006 0.383516 0.255715 0.339237 0.2516443 0.3624156 0.255715 0.3417206 0.2598315 0.3181933 0.2603609 0.3417206 0.2598315 0.3222264 0.2679063 0.2992545 0.2730154 0.3222264 0.2679063 0.3046821 0.279629 0.2831483 0.2891216 0.3046821 0.279629 0.2897619 0.2945492 0.2780391 0.3120936 0.2831483 0.2891216 0.2897619 0.2945492 0.2699643 0.3315878 0.2704938 0.3080605 0.2780391 0.3120936 0.2573335 0.3514441 0.2699643 0.3315878 0.2658478 0.3522827 0.2658478 0.3733831 0.2573335 0.3514441 0.2658478 0.3522827 0.2173548 0.5575199 0.2335442 0.5098203 0.2347083 0.5578803 0.8220894 0.05481123 0.851153 0.005312025 0.8365896 0.05410438 0.8679889 0.05347687 0.8841783 0.005777299 0.8853424 0.05383729 0.7816001 0.4142484 0.8114654 0.3644002 0.7940559 0.4135223 0.8985327 0.412229 0.918744 0.3642035 0.9161777 0.412229 0.7585203 0.054434 0.7571896 0.006249368 0.770976 0.05516016 0.9319342 0.412229 0.9521455 0.3642035 0.9495792 0.412229 0.8220894 0.4137027 0.851153 0.3642035 0.8365896 0.4129959 0.9912554 0.1911253 0.9869669 0.2088053 0.9869669 0.1911253 0.9912554 0.2426382 0.9869669 0.257491 0.9869669 0.2426382 0.9912554 0.257491 0.9869669 0.2701866 0.9869669 0.257491 0.2154314 0.8675628 0.211143 0.8821108 0.211143 0.8675628 0.2154314 0.8821108 0.211143 0.89834 0.211143 0.8821108 0.2154314 0.89834 0.211143 0.9156268 0.211143 0.89834 0.2154314 0.9156268 0.211143 0.9333068 0.211143 0.9156268 0.2154314 0.9333068 0.211143 0.9507006 0.211143 0.9333068 0.2154314 0.9507006 0.211143 0.9671397 0.211143 0.9507006 0.2154314 0.9671397 0.2111429 0.9819924 0.211143 0.9671397 0.2154314 0.9819924 0.2111429 0.994688 0.2111429 0.9819924 0.8086271 0.7234883 0.8043386 0.7359915 0.8043386 0.7234883 0.8086271 0.7359915 0.8043386 0.7506937 0.8043386 0.7359915 0.8086271 0.7506937 0.8043386 0.7670298 0.8043386 0.7506937 0.8086271 0.7670298 0.8043386 0.7843722 0.8043386 0.7670298 0.8086271 0.7843722 0.8043386 0.8020543 0.8043386 0.7843722 0.8086271 0.8020543 0.8043386 0.8193967 0.8043386 0.8020543 0.8086271 0.8193967 0.8043386 0.8357328 0.8043386 0.8193967 0.8086271 0.8357328 0.8043386 0.850435 0.8043386 0.8357328 0.8086271 0.850435 0.8043386 0.8629382 0.8043386 0.850435 0.2303439 0.8675628 0.2260555 0.882265 0.2260555 0.8675628 0.2303439 0.882265 0.2260555 0.8986011 0.2260555 0.882265 0.2303439 0.8986011 0.2260555 0.9159435 0.2260555 0.8986011 0.2303439 0.9159435 0.2260555 0.9336256 0.2260555 0.9159435 0.2303439 0.9336256 0.2260555 0.950968 0.2260555 0.9336256 0.2303439 0.950968 0.2260555 0.9673042 0.2260555 0.950968 0.07527136 0.2209374 0.09080421 0.242071 0.06883847 0.2329725 0.2303439 0.9673042 0.2260555 0.9820063 0.2260555 0.9673042 0.9912554 0.1576093 0.9869669 0.1738385 0.9869669 0.1576093 0.9912554 0.1738385 0.9869669 0.1911253 0.9869669 0.1738385 0.005311965 0.1378985 0.02300924 0.1572559 0.009950399 0.1612172 0.2209374 0.0752713 0.2197635 0.0490697 0.2329725 0.06883835 0.005311965 0.1141229 0.01889276 0.1365609 0.005311965 0.1378985 0.05772703 0.2092146 0.06883847 0.2329725 0.04906976 0.2197635 0.2290121 0.09476548 0.2329725 0.06883835 0.242071 0.09080415 0.009950339 0.09080421 0.01889276 0.1154605 0.005311965 0.1141229 0.03225791 0.2029517 0.05772703 0.2092146 0.04906976 0.2197635 0.2467094 0.1141229 0.2290121 0.09476548 0.242071 0.09080415 0.031084 0.07527136 0.009950339 0.09080421 0.01904886 0.06883847 0.031084 0.1767501 0.03225791 0.2029517 0.01904892 0.183183 0.2467094 0.1378985 0.2331286 0.1154605 0.2467094 0.1141229 0.04280674 0.05772703 0.01904886 0.06883847 0.03225785 0.04906976 0.9912554 0.2261991 0.9869669 0.2426382 0.9869669 0.2261991 0.242071 0.1612172 0.2331286 0.1365609 0.2467094 0.1378985 0.0490697 0.03225791 0.04280674 0.05772703 0.03225785 0.04906976 0.2209374 0.17675 0.242071 0.1612172 0.2329725 0.183183 0.0752713 0.031084 0.0490697 0.03225791 0.06883835 0.01904892 0.2092146 0.1942943 0.2329725 0.183183 0.2197635 0.2029516 0.09476554 0.02300924 0.06883835 0.01904892 0.09080415 0.009950339 0.2029517 0.2197635 0.2092146 0.1942943 0.2197635 0.2029516 0.1141229 0.005311965 0.09476554 0.02300924 0.09080415 0.009950339 0.1767501 0.2209374 0.2029517 0.2197635 0.183183 0.2329725 0.1378985 0.005311965 0.1154605 0.01889276 0.1141229 0.005311965 0.1572559 0.2290121 0.183183 0.2329725 0.1612172 0.242071 0.1612172 0.009950339 0.1365609 0.01889276 0.1378985 0.005311965 0.1378985 0.2467094 0.1572559 0.2290121 0.1612172 0.242071 0.17675 0.031084 0.1612172 0.009950339 0.183183 0.01904886 0.1141229 0.2467094 0.1365609 0.2331286 0.1378985 0.2467094 0.1942943 0.04280674 0.183183 0.01904886 0.2029516 0.03225785 0.09080421 0.242071 0.1154605 0.2331286 0.1141229 0.2467094 0.2197635 0.0490697 0.1942943 0.04280674 0.2029516 0.03225785 0.02300924 0.1572559 0.01904892 0.183183 0.009950399 0.1612172 0.08468723 0.6119488 0.137291 0.59122 0.137291 0.6149955 0.08468723 0.5942667 0.137291 0.5679012 0.137291 0.59122 0.08468723 0.5769243 0.137291 0.5459355 0.137291 0.5679012 0.137291 0.5459355 0.08468723 0.545886 0.137291 0.5261668 0.137291 0.5261668 0.08468723 0.5333828 0.137291 0.5093549 0.2573334 0.8651406 0.3099372 0.8650911 0.3099372 0.8848598 0.3099372 0.8650911 0.2573334 0.8341023 0.3099372 0.8431254 0.2573334 0.8341023 0.3099372 0.8198066 0.3099372 0.8431254 0.2573334 0.8167599 0.3099372 0.796031 0.3099372 0.8198066 0.2573334 0.7990778 0.3099372 0.7727123 0.3099372 0.796031 0.2573334 0.7817354 0.3099373 0.7507466 0.3099372 0.7727123 0.3099373 0.7507466 0.2573335 0.7506971 0.3099373 0.7309778 0.137291 0.8784186 0.08468717 0.8437811 0.137291 0.8588572 0.08468717 0.8437811 0.137291 0.8370352 0.137291 0.8588572 0.137291 0.8370352 0.08468723 0.8102651 0.137291 0.8137912 0.08468723 0.8102651 0.137291 0.7900184 0.137291 0.8137912 0.08468723 0.7925851 0.137291 0.7666306 0.137291 0.7900184 0.08468723 0.7751913 0.137291 0.7445264 0.137291 0.7666306 0.08468723 0.7587521 0.137291 0.7245552 0.137291 0.7445264 0.137291 0.7245552 0.08468723 0.7312039 0.137291 0.7074846 0.2005189 0.8784186 0.1479151 0.8437811 0.2005189 0.8588572 0.1479151 0.8437811 0.2005189 0.8370352 0.2005189 0.8588572 0.2005189 0.8370352 0.1479151 0.8102651 0.2005189 0.8137912 0.1479151 0.8102651 0.2005189 0.7900184 0.2005189 0.8137912 0.1479151 0.7925851 0.2005189 0.7666306 0.2005189 0.7900184 0.1479151 0.7751913 0.2005189 0.7445264 0.2005189 0.7666306 0.1479151 0.7587521 0.2005189 0.7245552 0.2005189 0.7445264 0.2005189 0.7245552 0.1479151 0.7312039 0.2005189 0.7074846 0.137291 0.6968606 0.08468717 0.6603295 0.137291 0.6800487 0.08468717 0.6603295 0.137291 0.6602801 0.137291 0.6800487 0.137291 0.6602801 0.08468717 0.6292912 0.137291 0.6383143 0.137291 0.6383143 0.08468723 0.6119488 0.137291 0.6149955 0.9912554 0.2088053 0.9869669 0.2261991 0.9869669 0.2088053 0.3837893 0.7921522 0.3965747 0.8099188 0.3837893 0.8099188 0.3837893 0.7747271 0.3965747 0.7921522 0.3837893 0.7921522 0.3837893 0.758313 0.3965747 0.7747271 0.3837893 0.7747271 0.3837893 0.7435407 0.3965747 0.758313 0.3837893 0.758313 0.3837893 0.7309779 0.3965747 0.7435407 0.3837893 0.7435407 0.9555458 0.8233124 0.9683312 0.8380847 0.9555458 0.8380847 0.9555458 0.8068982 0.9683312 0.8233124 0.9555458 0.8233124 0.9555458 0.7894731 0.9683312 0.8068982 0.9555458 0.8068982 0.9555458 0.7717067 0.9683312 0.7894731 0.9555458 0.7894731 0.9555458 0.7542815 0.9683312 0.7717067 0.9555458 0.7717067 0.9555458 0.7378674 0.9683312 0.7542815 0.9555458 0.7542815 0.9555458 0.7230951 0.9683312 0.7378674 0.9555458 0.7378674 0.5242462 0.8440923 0.5370317 0.8587097 0.5242462 0.8587097 0.5242462 0.8277856 0.5370317 0.8440923 0.5242462 0.8440923 0.5242462 0.8104163 0.5370317 0.8277856 0.5242462 0.8277856 0.5242462 0.7926519 0.5370317 0.8104163 0.5242462 0.8104163 0.5242462 0.7751752 0.5370317 0.7926519 0.5242462 0.7926519 0.5242462 0.7586576 0.5370317 0.7751752 0.5242462 0.7751752 0.5242462 0.743734 0.5370317 0.7586576 0.5242462 0.7586576 0.5242462 0.7309778 0.5370317 0.743734 0.5242462 0.743734 0.5476557 0.8440923 0.5604411 0.8587097 0.5476557 0.8587097 0.5476557 0.8277856 0.5604411 0.8440923 0.5476557 0.8440923 0.5476557 0.8104163 0.5604411 0.8277856 0.5476557 0.8277856 0.5476557 0.792652 0.5604411 0.8104163 0.5476557 0.8104163 0.5476557 0.7751752 0.5604411 0.792652 0.5476557 0.792652 0.5476557 0.7586576 0.5604411 0.7751752 0.5476557 0.7751752 0.5476557 0.743734 0.5604411 0.7586576 0.5476557 0.7586576 0.5476557 0.7309778 0.5604411 0.743734 0.5476557 0.743734 0.3837892 0.8585304 0.3965747 0.8710932 0.3837892 0.8710932 0.3837892 0.843758 0.3965747 0.8585304 0.3837892 0.8585304 0.3837892 0.8273439 0.3965747 0.843758 0.3837892 0.843758 0.3837893 0.8099188 0.3965747 0.8273439 0.3837892 0.8273439 0.4071987 0.7921522 0.4199842 0.8099187 0.4071987 0.8099187 0.4071987 0.7747271 0.4199842 0.7921522 0.4071987 0.7921522 0.4071987 0.758313 0.4199842 0.7747271 0.4071987 0.7747271 0.4071987 0.7435407 0.4199842 0.758313 0.4071987 0.758313 0.4071987 0.7309778 0.4199842 0.7435407 0.4071987 0.7435407 0.9555458 0.948926 0.9683312 0.9636983 0.9555458 0.9636983 0.9555458 0.9325119 0.9683312 0.948926 0.9555458 0.948926 0.9555458 0.9150868 0.9683312 0.9325119 0.9555458 0.9325119 0.9555458 0.8973203 0.9683312 0.9150868 0.9555458 0.9150868 0.9555458 0.8798952 0.9683312 0.8973203 0.9555458 0.8973203 0.9555458 0.863481 0.9683312 0.8798952 0.9555458 0.8798952 0.9555458 0.8487087 0.9683312 0.8634811 0.9555458 0.863481 0.5710652 0.8440923 0.5838506 0.8587098 0.5710652 0.8587098 0.5710652 0.8277856 0.5838506 0.8440923 0.5710652 0.8440923 0.5710652 0.8104164 0.5838506 0.8277857 0.5710652 0.8277856 0.5710652 0.792652 0.5838506 0.8104164 0.5710652 0.8104164 0.5710652 0.7751752 0.5838506 0.792652 0.5710652 0.792652 0.5710652 0.7586576 0.5838506 0.7751752 0.5710652 0.7751752 0.5710652 0.743734 0.5838506 0.7586576 0.5710652 0.7586576 0.5710652 0.7309778 0.5838506 0.743734 0.5710652 0.743734 0.5944747 0.8440924 0.6072602 0.8587098 0.5944747 0.8587098 0.5944747 0.8277857 0.6072602 0.8440924 0.5944747 0.8440924 0.5944747 0.8104164 0.6072602 0.8277857 0.5944747 0.8277857 0.5944747 0.792652 0.6072602 0.8104164 0.5944747 0.8104164 0.5944747 0.7751752 0.6072602 0.792652 0.5944747 0.792652 0.5944747 0.7586576 0.6072602 0.7751752 0.5944747 0.7751752 0.5944747 0.743734 0.6072602 0.7586576 0.5944747 0.7586576 0.5944747 0.7309778 0.6072602 0.743734 0.5944747 0.743734 0.4071987 0.8585303 0.4199842 0.871093 0.4071987 0.871093 0.4071987 0.8437579 0.4199842 0.8585303 0.4071987 0.8585303 0.4071987 0.8273438 0.4199842 0.8437579 0.4071987 0.8437579 0.4071987 0.8099187 0.4199842 0.8273438 0.4071987 0.8273438 0.9215122 0.7891528 0.9087268 0.8066296 0.9087268 0.7891528 0.9215122 0.8066296 0.9087268 0.8231472 0.9087268 0.8066296 0.9215122 0.8231472 0.9087268 0.8380708 0.9087268 0.8231472 0.9215122 0.8380708 0.9087268 0.850827 0.9087268 0.8380708 0.9449217 0.7230951 0.9321363 0.7377125 0.9321363 0.7230951 0.9449217 0.7377125 0.9321362 0.7540192 0.9321363 0.7377125 0.9449217 0.7540192 0.9321362 0.7713885 0.9321362 0.7540192 0.9449217 0.7713885 0.9321362 0.7891528 0.9321362 0.7713885 0.9449217 0.7891528 0.9321362 0.8066296 0.9321362 0.7891528 0.9449217 0.8066296 0.9321362 0.8231472 0.9321362 0.8066296 0.9449217 0.8231472 0.9321362 0.8380708 0.9321362 0.8231472 0.9449217 0.8380708 0.9321362 0.850827 0.9321362 0.8380708 0.5136222 0.7309778 0.5008367 0.7435407 0.5008367 0.7309778 0.5136222 0.7435407 0.5008367 0.758313 0.5008367 0.7435407 0.5136222 0.758313 0.5008367 0.7747271 0.5008367 0.758313 0.5136222 0.7747271 0.5008367 0.7921522 0.5008367 0.7747271 0.5136222 0.7921522 0.5008367 0.8099187 0.5008367 0.7921522 0.5136222 0.8099187 0.5008367 0.8273438 0.5008367 0.8099187 0.5136222 0.8273438 0.5008367 0.8437579 0.5008367 0.8273438 0.5136222 0.8437579 0.5008367 0.8585302 0.5008367 0.8437579 0.5136222 0.8585302 0.5008367 0.8710931 0.5008367 0.8585302 0.9215122 0.861451 0.9087268 0.8762233 0.9087268 0.861451 0.9215122 0.8762233 0.9087268 0.8926374 0.9087268 0.8762233 0.9215122 0.8926374 0.9087268 0.9100625 0.9087268 0.8926374 0.9215122 0.9100625 0.9087268 0.927829 0.9087268 0.9100625 0.9215122 0.927829 0.9087267 0.9452542 0.9087268 0.927829 0.9215122 0.9452542 0.9087267 0.9616683 0.9087267 0.9452542 0.9215122 0.9616683 0.9087267 0.9764406 0.9087267 0.9616683 0.9215122 0.7230951 0.9087268 0.7377125 0.9087268 0.7230951 0.9215122 0.7377125 0.9087268 0.7540192 0.9087268 0.7377125 0.9215122 0.7540192 0.9087268 0.7713885 0.9087268 0.7540192 0.9215122 0.7713885 0.9087268 0.7891528 0.9087268 0.7713885 0.7173264 0.5499491 0.6696268 0.7071935 0.5123824 0.6594939 0.9327221 0.05333745 0.9503671 0.3524605 0.9327221 0.3524605 0.7816001 0.05516016 0.8114654 0.35305 0.7990096 0.3537762 0.9653359 0.412229 0.9829809 0.711352 0.9653359 0.711352 0.01987534 0.5581474 0.01981228 0.8576225 0.005312025 0.8569157 0.861777 0.4127288 0.8853424 0.7114269 0.8679889 0.7117873 0.05956292 0.5581474 0.05949985 0.8576225 0.04499959 0.8569157 0.8959664 0.05383729 0.9195318 0.3525354 0.9021783 0.3528958 0.7585203 0.4135223 0.7535665 0.7128644 0.7411108 0.7121382 0.9789553 0.8500416 0.9832438 0.8625448 0.9789553 0.8625448 0.2669807 0.6151603 0.2617772 0.6384504 0.2573335 0.6161105 0.279043 0.6549245 0.2617772 0.6384504 0.2710536 0.6356364 0.2906418 0.6722832 0.2704938 0.6594941 0.279043 0.6549245 0.3054043 0.6870456 0.2831483 0.678433 0.2906418 0.6722832 0.322763 0.6986444 0.2992545 0.6945391 0.3054043 0.6870456 0.322763 0.6986444 0.3392371 0.7159103 0.3181933 0.7071937 0.3420511 0.7066338 0.361577 0.720354 0.3392371 0.7159103 0.3834044 0.7107068 0.361577 0.720354 0.3625271 0.7107067 0.3834044 0.7107068 0.4066945 0.7159103 0.3843546 0.720354 0.4231685 0.6986444 0.4066945 0.7159103 0.4038805 0.7066338 0.4405273 0.6870456 0.4277382 0.7071937 0.4231685 0.6986444 0.4552898 0.6722832 0.4466771 0.6945391 0.4405273 0.6870456 0.4668886 0.6549244 0.4627833 0.678433 0.4552898 0.6722832 0.4668886 0.6549244 0.4841544 0.6384503 0.4754378 0.6594941 0.4748779 0.6356363 0.4885981 0.6161105 0.4841544 0.6384503 0.4789509 0.5942831 0.4885981 0.6161105 0.4789509 0.6151603 0.4789509 0.5942831 0.4841544 0.570993 0.4885981 0.5933328 0.4668886 0.5545189 0.4841544 0.570993 0.4748779 0.573807 0.4552898 0.5371601 0.4754378 0.5499492 0.4668886 0.5545189 0.4405273 0.5223976 0.4627832 0.5310103 0.4552898 0.5371601 0.4231685 0.5107989 0.446677 0.5149042 0.4405273 0.5223976 0.4231685 0.5107989 0.4066945 0.493533 0.4277382 0.5022497 0.4038805 0.5028095 0.3843545 0.4890893 0.4066945 0.493533 0.3625271 0.4987366 0.3843545 0.4890893 0.3834044 0.4987366 0.3625271 0.4987366 0.339237 0.493533 0.361577 0.4890893 0.322763 0.5107989 0.339237 0.493533 0.342051 0.5028095 0.3054042 0.5223976 0.3181933 0.5022497 0.322763 0.5107989 0.2906418 0.5371601 0.2992545 0.5149042 0.3054042 0.5223976 0.279043 0.5545189 0.2831483 0.5310104 0.2906418 0.5371601 0.279043 0.5545189 0.2617772 0.570993 0.2704938 0.5499492 0.2710536 0.573807 0.2573335 0.5933329 0.2617772 0.570993 0.2669807 0.6151603 0.2573335 0.5933329 0.2669807 0.5942831 0.5077365 0.1314945 0.4992221 0.1095555 0.5077365 0.1103941 0.5077365 0.1103941 0.5036658 0.0872156 0.5118529 0.08969914 0.5118529 0.08969914 0.5123824 0.06617188 0.5199277 0.07020491 0.5199277 0.07020491 0.5250369 0.04723298 0.5316504 0.05266058 0.5465707 0.03774034 0.5250369 0.04723298 0.5411431 0.03112679 0.564115 0.0260176 0.5411431 0.03112679 0.560082 0.01847225 0.564115 0.0260176 0.5811257 0.009755671 0.5836092 0.01794284 0.6043042 0.01382637 0.5811257 0.009755671 0.6034656 0.005311965 0.6043042 0.01382637 0.6262432 0.005311965 0.6254046 0.01382637 0.6254046 0.01382637 0.6485831 0.009755671 0.6460995 0.01794284 0.6460995 0.01794284 0.6696268 0.01847225 0.6655938 0.0260176 0.6655938 0.0260176 0.6885657 0.03112679 0.6831381 0.03774034 0.6980583 0.05266058 0.6885657 0.03112679 0.7046719 0.04723298 0.7097811 0.07020491 0.7046719 0.04723298 0.7173264 0.06617182 0.7097811 0.07020491 0.726043 0.0872156 0.7178559 0.08969914 0.7219724 0.1103941 0.726043 0.0872156 0.7304867 0.1095555 0.7219724 0.1103941 0.7304867 0.132333 0.7219724 0.1314945 0.7219724 0.1314945 0.726043 0.154673 0.7178559 0.1521894 0.7178559 0.1521894 0.7173264 0.1757167 0.7097811 0.1716837 0.7097811 0.1716837 0.7046719 0.1946555 0.6980584 0.189228 0.6831381 0.2041482 0.7046719 0.1946555 0.6885657 0.2107617 0.6655938 0.215871 0.6885657 0.2107617 0.6696268 0.2234163 0.6655938 0.215871 0.6485831 0.2321329 0.6460996 0.2239457 0.6254046 0.2280622 0.6485831 0.2321329 0.6262432 0.2365766 0.6254046 0.2280622 0.6034656 0.2365766 0.6043042 0.2280622 0.6043042 0.2280622 0.5811257 0.2321329 0.5836093 0.2239457 0.5836093 0.2239457 0.560082 0.2234163 0.5641151 0.215871 0.5641151 0.215871 0.5411431 0.2107618 0.5465707 0.2041482 0.5316505 0.189228 0.5411431 0.2107618 0.5250369 0.1946556 0.5199277 0.1716837 0.5250369 0.1946556 0.5123824 0.1757167 0.5199277 0.1716837 0.5036658 0.154673 0.5118529 0.1521894 0.5077365 0.1314945 0.5036658 0.154673 0.4992221 0.1323331 0.9503671 0.05333745 0.9301558 0.005311965 0.9529334 0.005311965 0.7940558 0.054434 0.7953865 0.006249368 0.8114654 0.005311965 0.9829809 0.412229 0.9627696 0.3642035 0.9855471 0.3642035 0.03437554 0.5588542 0.005311965 0.509355 0.02403008 0.5102674 0.8791306 0.4123683 0.8629411 0.3646688 0.8853424 0.3642035 0.07406318 0.5588542 0.04499959 0.509355 0.06371772 0.5102674 0.91332 0.05347687 0.8971305 0.005777299 0.9195318 0.005311965 0.770976 0.4142484 0.7411108 0.3644002 0.7571896 0.3653376 0.9789553 0.801661 0.9832438 0.8190034 0.9789553 0.8190034 0.9789553 0.7503003 0.9832438 0.7666365 0.9789553 0.7666365 0.9789553 0.7355982 0.9832438 0.7503003 0.9789553 0.7503003 0.9789553 0.723095 0.9832438 0.7355982 0.9789553 0.7355982 0.2409679 0.9673041 0.2452564 0.9820063 0.2409679 0.9820063 0.2409679 0.950968 0.2452564 0.9673041 0.2409679 0.9673041 0.2409679 0.9336256 0.2452564 0.950968 0.2409679 0.950968 0.2409679 0.9159435 0.2452564 0.9336256 0.2409679 0.9336256 0.2409679 0.8986011 0.2452564 0.9159435 0.2409679 0.9159435 0.2409679 0.882265 0.2452564 0.8986011 0.2409679 0.8986011 0.2409679 0.8675628 0.2452564 0.882265 0.2409679 0.882265 0.9321362 0.9740282 0.9364246 0.9885762 0.9321362 0.9885762 0.9321362 0.957799 0.9364246 0.9740282 0.9321362 0.9740282 0.9321362 0.9405122 0.9364246 0.957799 0.9321362 0.957799 0.9321362 0.9228322 0.9364246 0.9405122 0.9321362 0.9405122 0.9321362 0.9054384 0.9364246 0.9228322 0.9321362 0.9228322 0.9321362 0.8889993 0.9364246 0.9054384 0.9321362 0.9054384 0.9321362 0.8741465 0.9364246 0.8889993 0.9321362 0.8889993 0.9321362 0.861451 0.9364246 0.8741465 0.9321362 0.8741465 0.9869669 0.1178892 0.9912554 0.1324372 0.9869669 0.1324372 0.9869669 0.10166 0.9912554 0.1178892 0.9869669 0.1178892 0.9869669 0.08437317 0.9912554 0.10166 0.9869669 0.10166 0.9869669 0.06669318 0.9912554 0.08437317 0.9869669 0.08437317 0.9869669 0.04929941 0.9912554 0.06669318 0.9869669 0.06669318 0.9869669 0.03286027 0.9912554 0.04929941 0.9869669 0.04929941 0.9869669 0.01800751 0.9912554 0.03286027 0.9869669 0.03286027 0.03225785 0.3010913 0.031084 0.3272928 0.01904886 0.3208599 0.9869669 0.005311965 0.9912554 0.01800751 0.9869669 0.01800751 0.9789553 0.8353395 0.9832438 0.8500416 0.9789553 0.8500416 0.9789553 0.8190034 0.9832438 0.8353395 0.9789553 0.8353395 0.01904892 0.4352045 0.02300924 0.4092773 0.031084 0.4287716 0.2467094 0.3899199 0.2331286 0.3674819 0.2467094 0.3661443 0.03225791 0.4549731 0.031084 0.4287716 0.0428068 0.4463159 0.01904886 0.3208599 0.02300924 0.346787 0.009950339 0.3428257 0.2467094 0.3661443 0.2290121 0.346787 0.242071 0.3428256 0.04906976 0.471785 0.0428068 0.4463159 0.05772703 0.4612361 0.005311965 0.3661444 0.02300924 0.346787 0.01889276 0.367482 0.2329725 0.3208599 0.2290121 0.346787 0.2209374 0.3272927 0.04906976 0.471785 0.07527136 0.4729589 0.06883847 0.484994 0.005311965 0.3661444 0.01889276 0.3885824 0.005311965 0.38992 0.2197635 0.3010912 0.2209374 0.3272927 0.2092146 0.3097484 0.06883847 0.484994 0.0947656 0.4810336 0.09080421 0.4940925 0.9789553 0.7666365 0.9832438 0.7839788 0.9789553 0.7839788 0.2029516 0.2842793 0.2092146 0.3097484 0.1942943 0.2948282 0.1141229 0.4987308 0.0947656 0.4810336 0.1154605 0.4851501 0.2029516 0.2842793 0.17675 0.2831054 0.183183 0.2710703 0.1141229 0.4987308 0.1365609 0.4851501 0.1378985 0.4987308 0.183183 0.2710703 0.1572558 0.2750307 0.1612172 0.2619718 0.1378985 0.4987308 0.1572559 0.4810336 0.1612172 0.4940925 0.1378985 0.2573335 0.1572558 0.2750307 0.1365609 0.2709142 0.183183 0.4849939 0.1572559 0.4810336 0.1767501 0.4729588 0.1378985 0.2573335 0.1154605 0.2709142 0.1141229 0.2573335 0.2029517 0.471785 0.1767501 0.4729588 0.1942944 0.4612361 0.1141229 0.2573335 0.09476548 0.2750307 0.09080415 0.2619718 0.2197635 0.4549731 0.1942944 0.4612361 0.2092146 0.4463158 0.06883835 0.2710704 0.09476548 0.2750307 0.0752713 0.2831055 0.2197635 0.4549731 0.2209374 0.4287715 0.2329725 0.4352044 0.0490697 0.2842794 0.0752713 0.2831055 0.05772697 0.2948282 0.2329725 0.4352044 0.2290121 0.4092773 0.242071 0.4132387 0.03225785 0.3010913 0.05772697 0.2948282 0.04280674 0.3097485 0.2467094 0.3899199 0.2290121 0.4092773 0.2331286 0.3885823 0.005311965 0.38992 0.02300924 0.4092773 0.009950339 0.4132387 0.8746932 0.834883 0.8220894 0.8089286 0.8746932 0.8114952 0.8746932 0.8569872 0.8220894 0.8263223 0.8746932 0.834883 0.8746932 0.8769584 0.8220894 0.8427615 0.8746932 0.8569872 0.8746932 0.8769584 0.8220894 0.8703098 0.8220894 0.8576142 0.7937145 0.7234884 0.7411107 0.7581259 0.7411107 0.7435779 0.7937145 0.7648718 0.7411107 0.7581259 0.7937145 0.7430498 0.7937145 0.7648718 0.7411107 0.7916419 0.7411107 0.7743551 0.7937145 0.8118885 0.7411107 0.7916419 0.7937145 0.7881158 0.7937145 0.8352764 0.7411107 0.8093219 0.7937145 0.8118885 0.7937145 0.8573806 0.7411107 0.8267157 0.7937145 0.8352764 0.7937145 0.8773518 0.7411107 0.8431549 0.7937145 0.8573806 0.7937145 0.8773518 0.7411107 0.8707031 0.7411107 0.8580076 0.2005189 0.5093549 0.1479151 0.545886 0.1479151 0.5333828 0.2005189 0.5459355 0.1479151 0.545886 0.2005189 0.5261668 0.2005189 0.5459355 0.1479151 0.5769243 0.1479151 0.5605881 0.2005189 0.59122 0.1479151 0.5769243 0.2005189 0.5679012 0.2005189 0.6149955 0.1479151 0.5942667 0.2005189 0.59122 0.2005189 0.6383143 0.1479151 0.6119488 0.2005189 0.6149955 0.2005189 0.6602801 0.1479151 0.6292912 0.2005189 0.6383143 0.2005189 0.6602801 0.1479151 0.6603295 0.1479151 0.6456273 0.2005189 0.6800487 0.1479151 0.6728326 0.1479151 0.6603295 0.3731652 0.7507466 0.3205614 0.7506971 0.3731652 0.7309779 0.3731652 0.7507466 0.3205614 0.7817354 0.3205614 0.7653992 0.3731652 0.7960311 0.3205614 0.7817354 0.3731652 0.7727123 0.3731652 0.8198066 0.3205614 0.7990778 0.3731652 0.7960311 0.3731652 0.8431254 0.3205614 0.8167599 0.3731652 0.8198066 0.3731652 0.8650911 0.3205614 0.8341023 0.3731652 0.8431254 0.3731652 0.8650911 0.3205614 0.8651406 0.3205614 0.8504384 0.8746932 0.723095 0.8220894 0.7577325 0.8220894 0.7431845 0.8746932 0.7644785 0.8220894 0.7577325 0.8746932 0.7426565 0.8746932 0.7644785 0.8220894 0.7912486 0.8220894 0.7739618 0.8746932 0.7877225 0.8220894 0.8089286 0.8220894 0.7912486 0.9789553 0.7839788 0.9832438 0.801661 0.9789553 0.801661 0.6306697 0.7970356 0.6178843 0.8145124 0.6178843 0.7970356 0.6306697 0.8145124 0.6178843 0.83103 0.6178843 0.8145124 0.6306697 0.83103 0.6178843 0.8459536 0.6178843 0.83103 0.6306697 0.8459536 0.6178843 0.8587097 0.6178843 0.8459536 0.6540793 0.7309778 0.6412938 0.7455952 0.6412938 0.7309778 0.6540793 0.7455952 0.6412938 0.7619019 0.6412938 0.7455952 0.6540793 0.7619019 0.6412938 0.7792712 0.6412938 0.7619019 0.6540793 0.7792712 0.6412938 0.7970356 0.6412938 0.7792712 0.6540793 0.7970356 0.6412938 0.8145124 0.6412938 0.7970356 0.6540793 0.8145124 0.6412938 0.83103 0.6412938 0.8145124 0.6540793 0.83103 0.6412938 0.8459536 0.6412938 0.83103 0.6540793 0.8459536 0.6412938 0.8587097 0.6412938 0.8459536 0.4433937 0.7309779 0.4306082 0.7435407 0.4306082 0.7309779 0.4433937 0.7435407 0.4306082 0.758313 0.4306082 0.7435407 0.4433937 0.758313 0.4306082 0.7747271 0.4306082 0.758313 0.4433937 0.7747271 0.4306082 0.7921522 0.4306082 0.7747271 0.4433937 0.7921522 0.4306082 0.8099188 0.4306082 0.7921522 0.4433937 0.8099188 0.4306082 0.8273439 0.4306082 0.8099188 0.4433937 0.8273439 0.4306082 0.843758 0.4306082 0.8273439 0.4433937 0.843758 0.4306082 0.8585304 0.4306082 0.843758 0.4433937 0.8585304 0.4306082 0.8710932 0.4306082 0.8585304 0.9763428 0.005311965 0.9635574 0.02008432 0.9635574 0.005311965 0.9763428 0.02008432 0.9635574 0.03649842 0.9635574 0.02008432 0.9763428 0.03649842 0.9635574 0.05392354 0.9635574 0.03649842 0.9763428 0.05392354 0.9635574 0.07169008 0.9635574 0.05392354 0.9763428 0.07169008 0.9635574 0.0891152 0.9635574 0.07169008 0.9763428 0.0891152 0.9635574 0.1055293 0.9635574 0.0891152 0.9763428 0.1055293 0.9635574 0.1203016 0.9635574 0.1055293 0.6306697 0.7309778 0.6178843 0.7455952 0.6178843 0.7309778 0.6306697 0.7455952 0.6178843 0.7619019 0.6178843 0.7455952 0.6306697 0.7619019 0.6178843 0.7792712 0.6178843 0.7619019 0.6306697 0.7792712 0.6178843 0.7970356 0.6178843 0.7792712 0.6774888 0.7970356 0.6647033 0.8145124 0.6647033 0.7970356 0.6774888 0.8145124 0.6647033 0.83103 0.6647033 0.8145124 0.6774888 0.83103 0.6647033 0.8459537 0.6647033 0.83103 0.6774888 0.8459537 0.6647033 0.8587098 0.6647033 0.8459537 0.7008983 0.7309778 0.6881129 0.7455953 0.6881129 0.7309778 0.7008983 0.7455953 0.6881129 0.761902 0.6881129 0.7455953 0.7008983 0.761902 0.6881129 0.7792713 0.6881129 0.761902 0.7008983 0.7792713 0.6881129 0.7970356 0.6881129 0.7792713 0.7008983 0.7970356 0.6881129 0.8145124 0.6881129 0.7970356 0.7008983 0.8145124 0.6881129 0.83103 0.6881129 0.8145124 0.7008983 0.83103 0.6881129 0.8459537 0.6881129 0.83103 0.7008983 0.8459537 0.6881129 0.8587098 0.6881129 0.8459537 0.4668032 0.7309778 0.4540177 0.7435407 0.4540177 0.7309778 0.4668032 0.7435407 0.4540177 0.758313 0.4540177 0.7435407 0.4668032 0.758313 0.4540177 0.7747271 0.4540177 0.758313 0.4668032 0.7747271 0.4540177 0.7921522 0.4540177 0.7747271 0.4668032 0.7921522 0.4540177 0.8099187 0.4540177 0.7921522 0.4668032 0.8099187 0.4540177 0.8273438 0.4540177 0.8099187 0.4668032 0.8273438 0.4540177 0.8437579 0.4540177 0.8273438 0.4668032 0.8437579 0.4540177 0.8585303 0.4540177 0.8437579 0.4668032 0.8585303 0.4540177 0.8710931 0.4540177 0.8585303 0.9763428 0.1309257 0.9635574 0.145698 0.9635574 0.1309257 0.9763428 0.145698 0.9635574 0.1621121 0.9635574 0.145698 0.9763428 0.1621121 0.9635574 0.1795372 0.9635574 0.1621121 0.9763428 0.1795372 0.9635574 0.1973037 0.9635574 0.1795372 0.9763428 0.1973037 0.9635574 0.2147288 0.9635574 0.1973037 0.9763428 0.2147288 0.9635574 0.2311429 0.9635574 0.2147288 0.9763428 0.2311429 0.9635574 0.2459153 0.9635574 0.2311429 0.6774888 0.7309778 0.6647033 0.7455953 0.6647033 0.7309778 0.6774888 0.7455953 0.6647033 0.761902 0.6647033 0.7455953 0.6774888 0.761902 0.6647033 0.7792713 0.6647033 0.761902 0.6774888 0.7792713 0.6647033 0.7970356 0.6647033 0.7792713 0.4774272 0.7921522 0.4902127 0.7921522 0.4902127 0.8099187 0.4774272 0.7747271 0.4902127 0.7747271 0.4902127 0.7921522 0.4774272 0.758313 0.4902127 0.758313 0.4902127 0.7747271 0.4774272 0.7435407 0.4902127 0.7435407 0.4902127 0.758313 0.4774272 0.7309778 0.4902127 0.7309778 0.4902127 0.7435407 0.8853172 0.9616683 0.8981027 0.9616683 0.8981027 0.9764406 0.8853172 0.9452542 0.8981027 0.9452542 0.8981027 0.9616683 0.8853172 0.927829 0.8981027 0.927829 0.8981027 0.9452542 0.8853172 0.9100625 0.8981027 0.9100625 0.8981027 0.927829 0.8853172 0.8926374 0.8981027 0.8926374 0.8981027 0.9100625 0.8853172 0.8762233 0.8981027 0.8762233 0.8981027 0.8926374 0.8853172 0.861451 0.8981027 0.861451 0.8981027 0.8762233 0.7115224 0.8440923 0.7243078 0.8440923 0.7243078 0.8587097 0.7115224 0.8277856 0.7243078 0.8277856 0.7243078 0.8440923 0.7115224 0.8104163 0.7243078 0.8104163 0.7243078 0.8277856 0.7115224 0.792652 0.7243078 0.792652 0.7243078 0.8104163 0.7115224 0.7751752 0.7243078 0.7751752 0.7243078 0.792652 0.7115224 0.7586576 0.7243078 0.7586576 0.7243078 0.7751752 0.7115224 0.743734 0.7243078 0.743734 0.7243078 0.7586576 0.7115224 0.7309778 0.7243078 0.7309778 0.7243078 0.743734 0.8853172 0.8362094 0.8981027 0.8362094 0.8981027 0.8508269 0.8853172 0.8199028 0.8981027 0.8199028 0.8981027 0.8362094 0.8853172 0.8025335 0.8981027 0.8025335 0.8981027 0.8199028 0.8853172 0.7847691 0.8981027 0.7847691 0.8981027 0.8025335 0.8853172 0.7672923 0.8981027 0.7672923 0.8981027 0.7847691 0.8853172 0.7507748 0.8981027 0.7507748 0.8981027 0.7672923 0.8853172 0.7358511 0.8981027 0.7358511 0.8981027 0.7507748 0.8853172 0.723095 0.8981027 0.723095 0.8981027 0.7358511 0.4774272 0.8585302 0.4902127 0.8585302 0.4902127 0.871093 0.4774272 0.8437579 0.4902127 0.8437579 0.4902127 0.8585302 0.4774272 0.8273438 0.4902127 0.8273438 0.4902127 0.8437579 0.4774272 0.8099187 0.4902127 0.8099187 0.4902127 0.8273438 0.5123824 0.4176053 0.5036658 0.3965616 0.4992221 0.3742217 0.4992221 0.3742217 0.4992221 0.3514441 0.5036658 0.3291042 0.5036658 0.3291042 0.5123824 0.3080605 0.560082 0.2603609 0.5123824 0.3080605 0.5250369 0.2891216 0.560082 0.2603609 0.5250369 0.2891216 0.5411431 0.2730154 0.560082 0.2603609 0.560082 0.2603609 0.5811257 0.2516443 0.6034656 0.2472006 0.6034656 0.2472006 0.6262432 0.2472006 0.6485831 0.2516443 0.6485831 0.2516443 0.6696268 0.2603609 0.7173264 0.3080605 0.6696268 0.2603609 0.6885657 0.2730154 0.7173264 0.3080605 0.6885657 0.2730154 0.7046719 0.2891216 0.7173264 0.3080605 0.7173264 0.3080605 0.7260431 0.3291042 0.7304867 0.3514441 0.7304867 0.3514441 0.7304867 0.3742217 0.726043 0.3965616 0.726043 0.3965616 0.7173264 0.4176053 0.6696268 0.4653049 0.7173264 0.4176053 0.7046719 0.4365442 0.6696268 0.4653049 0.7046719 0.4365442 0.6885657 0.4526503 0.6696268 0.4653049 0.6696268 0.4653049 0.6485831 0.4740215 0.6262432 0.4784651 0.6262432 0.4784651 0.6034656 0.4784651 0.5811257 0.4740215 0.5811257 0.4740215 0.560082 0.4653049 0.5123824 0.4176053 0.560082 0.4653049 0.5411431 0.4526504 0.5123824 0.4176053 0.5411431 0.4526504 0.5250369 0.4365442 0.5123824 0.4176053 0.5123824 0.4176053 0.4992221 0.3742217 0.560082 0.2603609 0.4992221 0.3742217 0.5036658 0.3291042 0.560082 0.2603609 0.560082 0.2603609 0.6034656 0.2472006 0.7173264 0.3080605 0.6034656 0.2472006 0.6485831 0.2516443 0.7173264 0.3080605 0.7173264 0.3080605 0.7304867 0.3514441 0.6696268 0.4653049 0.7304867 0.3514441 0.726043 0.3965616 0.6696268 0.4653049 0.6696268 0.4653049 0.6262432 0.4784651 0.5123824 0.4176053 0.6262432 0.4784651 0.5811257 0.4740215 0.5123824 0.4176053 0.5123824 0.4176053 0.560082 0.2603609 0.7173264 0.3080605 0.211143 0.8565784 0.2173548 0.5575199 0.2347083 0.5578803 0.8366528 0.3535795 0.8220894 0.05481123 0.8365896 0.05410438 0.861777 0.3525354 0.8679889 0.05347687 0.8853424 0.05383729 0.7990096 0.7128644 0.7816001 0.4142484 0.7940559 0.4135223 0.8985327 0.711352 0.8985327 0.412229 0.9161777 0.412229 0.7411108 0.35305 0.7585203 0.054434 0.770976 0.05516016 0.9319342 0.711352 0.9319342 0.412229 0.9495792 0.412229 0.8366527 0.7124711 0.8220894 0.4137027 0.8365896 0.4129959 0.9912554 0.1430613 0.9912554 0.1576093 0.9869669 0.1576093 0.2669807 0.1313829 0.2573335 0.1323331 0.2573335 0.1095555 0.2573335 0.1095555 0.2617772 0.0872156 0.2710536 0.09002959 0.2617772 0.0872156 0.2704938 0.06617188 0.279043 0.07074153 0.2704938 0.06617188 0.2831483 0.04723298 0.2906418 0.05338275 0.2831483 0.04723298 0.2992545 0.03112679 0.3054042 0.03862029 0.3054042 0.03862029 0.2992545 0.03112679 0.3181933 0.01847225 0.322763 0.02702152 0.3181933 0.01847225 0.339237 0.009755671 0.339237 0.009755671 0.361577 0.005311965 0.3625271 0.01495921 0.3625271 0.01495921 0.361577 0.005311965 0.3843545 0.005311965 0.3843545 0.005311965 0.4066945 0.009755671 0.4038805 0.01903212 0.4066945 0.009755671 0.4277382 0.01847225 0.4231685 0.02702152 0.4277382 0.01847225 0.446677 0.03112679 0.4405273 0.03862029 0.446677 0.03112679 0.4627832 0.04723298 0.4552897 0.05338275 0.4552897 0.05338275 0.4627832 0.04723298 0.4754378 0.06617182 0.4668886 0.07074153 0.4754378 0.06617182 0.4841544 0.0872156 0.4841544 0.0872156 0.4885981 0.1095555 0.4789509 0.1105057 0.4789509 0.1105057 0.4885981 0.1095555 0.4885981 0.132333 0.4885981 0.132333 0.4841544 0.154673 0.4748779 0.151859 0.4841544 0.154673 0.4754378 0.1757167 0.4668886 0.1711471 0.4754378 0.1757167 0.4627832 0.1946555 0.4552898 0.1885058 0.4627832 0.1946555 0.4466771 0.2107617 0.4405273 0.2032683 0.4405273 0.2032683 0.4466771 0.2107617 0.4277382 0.2234163 0.4231685 0.2148671 0.4277382 0.2234163 0.4066945 0.2321329 0.4066945 0.2321329 0.3843545 0.2365766 0.3834044 0.2269294 0.3834044 0.2269294 0.3843545 0.2365766 0.361577 0.2365766 0.361577 0.2365766 0.3392371 0.2321329 0.342051 0.2228564 0.3392371 0.2321329 0.3181933 0.2234163 0.322763 0.2148671 0.3181933 0.2234163 0.2992545 0.2107618 0.3054042 0.2032683 0.2992545 0.2107618 0.2831483 0.1946556 0.2906418 0.1885058 0.2906418 0.1885058 0.2831483 0.1946556 0.2704938 0.1757167 0.279043 0.1711471 0.2704938 0.1757167 0.2617772 0.154673 0.2617772 0.154673 0.2573335 0.1323331 0.2669807 0.1313829 0.2617772 0.3965616 0.2573335 0.3742218 0.2658478 0.3733831 0.2704938 0.4176054 0.2617772 0.3965616 0.2699643 0.3940781 0.2831483 0.4365442 0.2704938 0.4176054 0.2780391 0.4135723 0.2992545 0.4526504 0.2831483 0.4365442 0.2897619 0.4311167 0.3222264 0.4577596 0.3181934 0.465305 0.2992545 0.4526504 0.3417207 0.4658344 0.3392371 0.4740216 0.3181934 0.465305 0.361577 0.4784652 0.3392371 0.4740216 0.3417207 0.4658344 0.383516 0.4699509 0.3843546 0.4784652 0.361577 0.4784652 0.4066945 0.4740216 0.3843546 0.4784652 0.383516 0.4699509 0.4277383 0.4653049 0.4066945 0.4740216 0.4042109 0.4658344 0.4466771 0.4526504 0.4277383 0.4653049 0.4237052 0.4577596 0.4627833 0.4365442 0.4466771 0.4526504 0.4412495 0.4460369 0.4678925 0.4135723 0.4754378 0.4176054 0.4627833 0.4365442 0.4759672 0.3940781 0.4841544 0.3965616 0.4754378 0.4176054 0.4885981 0.3742217 0.4841544 0.3965616 0.4759672 0.3940781 0.4800837 0.3522827 0.4885981 0.3514441 0.4885981 0.3742217 0.4841544 0.3291042 0.4885981 0.3514441 0.4800837 0.3522827 0.4754378 0.3080605 0.4841544 0.3291042 0.4759672 0.3315877 0.4627832 0.2891216 0.4754378 0.3080605 0.4678925 0.3120936 0.4466771 0.2730154 0.4627832 0.2891216 0.4561697 0.2945492 0.4237052 0.2679063 0.4277382 0.2603609 0.4466771 0.2730154 0.4042109 0.2598314 0.4066945 0.2516443 0.4277382 0.2603609 0.3843545 0.2472006 0.4066945 0.2516443 0.4042109 0.2598314 0.3624156 0.255715 0.361577 0.2472006 0.3843545 0.2472006 0.339237 0.2516443 0.361577 0.2472006 0.3624156 0.255715 0.3181933 0.2603609 0.339237 0.2516443 0.3417206 0.2598315 0.2992545 0.2730154 0.3181933 0.2603609 0.3222264 0.2679063 0.2831483 0.2891216 0.2992545 0.2730154 0.3046821 0.279629 0.2780391 0.3120936 0.2704938 0.3080605 0.2831483 0.2891216 0.2699643 0.3315878 0.2617772 0.3291043 0.2704938 0.3080605 0.2573335 0.3514441 0.2617772 0.3291043 0.2699643 0.3315878 0.2658478 0.3733831 0.2573335 0.3742218 0.2573335 0.3514441 0.2173548 0.5575199 0.2111429 0.509355 0.2335442 0.5098203 0.8220894 0.05481123 0.8324349 0.006224393 0.851153 0.005312025 0.8679889 0.05347687 0.861777 0.005311965 0.8841783 0.005777299 0.7816001 0.4142484 0.7953865 0.3653376 0.8114654 0.3644002 0.8985327 0.412229 0.8959664 0.3642035 0.918744 0.3642035 0.7585203 0.054434 0.7411108 0.005311965 0.7571896 0.006249368 0.9319342 0.412229 0.929368 0.3642035 0.9521455 0.3642035 0.8220894 0.4137027 0.8324349 0.365116 0.851153 0.3642035 0.9912554 0.1911253 0.9912554 0.2088053 0.9869669 0.2088053 0.9912554 0.2426382 0.9912554 0.257491 0.9869669 0.257491 0.9912554 0.257491 0.9912554 0.2701866 0.9869669 0.2701866 0.2154314 0.8675628 0.2154314 0.8821108 0.211143 0.8821108 0.2154314 0.8821108 0.2154314 0.89834 0.211143 0.89834 0.2154314 0.89834 0.2154314 0.9156268 0.211143 0.9156268 0.2154314 0.9156268 0.2154314 0.9333068 0.211143 0.9333068 0.2154314 0.9333068 0.2154314 0.9507006 0.211143 0.9507006 0.2154314 0.9507006 0.2154314 0.9671397 0.211143 0.9671397 0.2154314 0.9671397 0.2154314 0.9819924 0.2111429 0.9819924 0.2154314 0.9819924 0.2154314 0.994688 0.2111429 0.994688 0.8086271 0.7234883 0.8086271 0.7359915 0.8043386 0.7359915 0.8086271 0.7359915 0.8086271 0.7506937 0.8043386 0.7506937 0.8086271 0.7506937 0.8086271 0.7670298 0.8043386 0.7670298 0.8086271 0.7670298 0.8086271 0.7843722 0.8043386 0.7843722 0.8086271 0.7843722 0.8086271 0.8020543 0.8043386 0.8020543 0.8086271 0.8020543 0.8086271 0.8193967 0.8043386 0.8193967 0.8086271 0.8193967 0.8086271 0.8357328 0.8043386 0.8357328 0.8086271 0.8357328 0.8086271 0.850435 0.8043386 0.850435 0.8086271 0.850435 0.8086271 0.8629382 0.8043386 0.8629382 0.2303439 0.8675628 0.2303439 0.882265 0.2260555 0.882265 0.2303439 0.882265 0.2303439 0.8986011 0.2260555 0.8986011 0.2303439 0.8986011 0.2303439 0.9159435 0.2260555 0.9159435 0.2303439 0.9159435 0.2303439 0.9336256 0.2260555 0.9336256 0.2303439 0.9336256 0.2303439 0.950968 0.2260555 0.950968 0.2303439 0.950968 0.2303439 0.9673042 0.2260555 0.9673042 0.07527136 0.2209374 0.0947656 0.2290121 0.09080421 0.242071 0.2303439 0.9673042 0.2303439 0.9820063 0.2260555 0.9820063 0.9912554 0.1576093 0.9912554 0.1738385 0.9869669 0.1738385 0.9912554 0.1738385 0.9912554 0.1911253 0.9869669 0.1911253 0.005311965 0.1378985 0.01889276 0.1365609 0.02300924 0.1572559 0.2209374 0.0752713 0.2092146 0.05772697 0.2197635 0.0490697 0.005311965 0.1141229 0.01889276 0.1154605 0.01889276 0.1365609 0.05772703 0.2092146 0.07527136 0.2209374 0.06883847 0.2329725 0.2290121 0.09476548 0.2209374 0.0752713 0.2329725 0.06883835 0.009950339 0.09080421 0.02300924 0.0947656 0.01889276 0.1154605 0.03225791 0.2029517 0.0428068 0.1942944 0.05772703 0.2092146 0.2467094 0.1141229 0.2331286 0.1154605 0.2290121 0.09476548 0.031084 0.07527136 0.02300924 0.0947656 0.009950339 0.09080421 0.031084 0.1767501 0.0428068 0.1942944 0.03225791 0.2029517 0.2467094 0.1378985 0.2331286 0.1365609 0.2331286 0.1154605 0.04280674 0.05772703 0.031084 0.07527136 0.01904886 0.06883847 0.9912554 0.2261991 0.9912554 0.2426382 0.9869669 0.2426382 0.242071 0.1612172 0.2290121 0.1572558 0.2331286 0.1365609 0.0490697 0.03225791 0.05772697 0.0428068 0.04280674 0.05772703 0.2209374 0.17675 0.2290121 0.1572558 0.242071 0.1612172 0.0752713 0.031084 0.05772697 0.0428068 0.0490697 0.03225791 0.2092146 0.1942943 0.2209374 0.17675 0.2329725 0.183183 0.09476554 0.02300924 0.0752713 0.031084 0.06883835 0.01904892 0.2029517 0.2197635 0.1942944 0.2092146 0.2092146 0.1942943 0.1141229 0.005311965 0.1154605 0.01889276 0.09476554 0.02300924 0.1767501 0.2209374 0.1942944 0.2092146 0.2029517 0.2197635 0.1378985 0.005311965 0.1365609 0.01889276 0.1154605 0.01889276 0.1572559 0.2290121 0.1767501 0.2209374 0.183183 0.2329725 0.1612172 0.009950339 0.1572558 0.02300924 0.1365609 0.01889276 0.1378985 0.2467094 0.1365609 0.2331286 0.1572559 0.2290121 0.17675 0.031084 0.1572558 0.02300924 0.1612172 0.009950339 0.1141229 0.2467094 0.1154605 0.2331286 0.1365609 0.2331286 0.1942943 0.04280674 0.17675 0.031084 0.183183 0.01904886 0.09080421 0.242071 0.0947656 0.2290121 0.1154605 0.2331286 0.2197635 0.0490697 0.2092146 0.05772697 0.1942943 0.04280674 0.02300924 0.1572559 0.031084 0.1767501 0.01904892 0.183183 0.08468723 0.6119488 0.08468723 0.5942667 0.137291 0.59122 0.08468723 0.5942667 0.08468723 0.5769243 0.137291 0.5679012 0.08468723 0.5769243 0.08468723 0.5605881 0.137291 0.5459355 0.137291 0.5459355 0.08468723 0.5605881 0.08468723 0.545886 0.137291 0.5261668 0.08468723 0.545886 0.08468723 0.5333828 0.2573334 0.8651406 0.2573334 0.8504384 0.3099372 0.8650911 0.3099372 0.8650911 0.2573334 0.8504384 0.2573334 0.8341023 0.2573334 0.8341023 0.2573334 0.8167599 0.3099372 0.8198066 0.2573334 0.8167599 0.2573334 0.7990778 0.3099372 0.796031 0.2573334 0.7990778 0.2573334 0.7817354 0.3099372 0.7727123 0.2573334 0.7817354 0.2573335 0.7653992 0.3099373 0.7507466 0.3099373 0.7507466 0.2573335 0.7653992 0.2573335 0.7506971 0.137291 0.8784186 0.08468717 0.8583291 0.08468717 0.8437811 0.08468717 0.8437811 0.08468723 0.8275519 0.137291 0.8370352 0.137291 0.8370352 0.08468723 0.8275519 0.08468723 0.8102651 0.08468723 0.8102651 0.08468723 0.7925851 0.137291 0.7900184 0.08468723 0.7925851 0.08468723 0.7751913 0.137291 0.7666306 0.08468723 0.7751913 0.08468723 0.7587521 0.137291 0.7445264 0.08468723 0.7587521 0.08468723 0.7438994 0.137291 0.7245552 0.137291 0.7245552 0.08468723 0.7438994 0.08468723 0.7312039 0.2005189 0.8784186 0.1479151 0.8583291 0.1479151 0.8437811 0.1479151 0.8437811 0.1479151 0.8275519 0.2005189 0.8370352 0.2005189 0.8370352 0.1479151 0.8275519 0.1479151 0.8102651 0.1479151 0.8102651 0.1479151 0.7925851 0.2005189 0.7900184 0.1479151 0.7925851 0.1479151 0.7751913 0.2005189 0.7666306 0.1479151 0.7751913 0.1479151 0.7587521 0.2005189 0.7445264 0.1479151 0.7587521 0.1479151 0.7438994 0.2005189 0.7245552 0.2005189 0.7245552 0.1479151 0.7438994 0.1479151 0.7312039 0.137291 0.6968606 0.08468717 0.6728326 0.08468717 0.6603295 0.08468717 0.6603295 0.08468717 0.6456273 0.137291 0.6602801 0.137291 0.6602801 0.08468717 0.6456273 0.08468717 0.6292912 0.137291 0.6383143 0.08468717 0.6292912 0.08468723 0.6119488 0.9912554 0.2088053 0.9912554 0.2261991 0.9869669 0.2261991 0.3837893 0.7921522 0.3965747 0.7921522 0.3965747 0.8099188 0.3837893 0.7747271 0.3965747 0.7747271 0.3965747 0.7921522 0.3837893 0.758313 0.3965747 0.758313 0.3965747 0.7747271 0.3837893 0.7435407 0.3965747 0.7435407 0.3965747 0.758313 0.3837893 0.7309779 0.3965747 0.7309779 0.3965747 0.7435407 0.9555458 0.8233124 0.9683312 0.8233124 0.9683312 0.8380847 0.9555458 0.8068982 0.9683312 0.8068982 0.9683312 0.8233124 0.9555458 0.7894731 0.9683312 0.7894731 0.9683312 0.8068982 0.9555458 0.7717067 0.9683312 0.7717067 0.9683312 0.7894731 0.9555458 0.7542815 0.9683312 0.7542815 0.9683312 0.7717067 0.9555458 0.7378674 0.9683312 0.7378674 0.9683312 0.7542815 0.9555458 0.7230951 0.9683312 0.7230951 0.9683312 0.7378674 0.5242462 0.8440923 0.5370317 0.8440923 0.5370317 0.8587097 0.5242462 0.8277856 0.5370317 0.8277856 0.5370317 0.8440923 0.5242462 0.8104163 0.5370317 0.8104163 0.5370317 0.8277856 0.5242462 0.7926519 0.5370317 0.7926519 0.5370317 0.8104163 0.5242462 0.7751752 0.5370317 0.7751752 0.5370317 0.7926519 0.5242462 0.7586576 0.5370317 0.7586576 0.5370317 0.7751752 0.5242462 0.743734 0.5370317 0.743734 0.5370317 0.7586576 0.5242462 0.7309778 0.5370317 0.7309778 0.5370317 0.743734 0.5476557 0.8440923 0.5604411 0.8440923 0.5604411 0.8587097 0.5476557 0.8277856 0.5604411 0.8277856 0.5604411 0.8440923 0.5476557 0.8104163 0.5604411 0.8104163 0.5604411 0.8277856 0.5476557 0.792652 0.5604411 0.792652 0.5604411 0.8104163 0.5476557 0.7751752 0.5604411 0.7751752 0.5604411 0.792652 0.5476557 0.7586576 0.5604411 0.7586576 0.5604411 0.7751752 0.5476557 0.743734 0.5604411 0.743734 0.5604411 0.7586576 0.5476557 0.7309778 0.5604411 0.7309778 0.5604411 0.743734 0.3837892 0.8585304 0.3965747 0.8585304 0.3965747 0.8710932 0.3837892 0.843758 0.3965747 0.843758 0.3965747 0.8585304 0.3837892 0.8273439 0.3965747 0.8273439 0.3965747 0.843758 0.3837893 0.8099188 0.3965747 0.8099188 0.3965747 0.8273439 0.4071987 0.7921522 0.4199842 0.7921522 0.4199842 0.8099187 0.4071987 0.7747271 0.4199842 0.7747271 0.4199842 0.7921522 0.4071987 0.758313 0.4199842 0.758313 0.4199842 0.7747271 0.4071987 0.7435407 0.4199842 0.7435407 0.4199842 0.758313 0.4071987 0.7309778 0.4199842 0.7309778 0.4199842 0.7435407 0.9555458 0.948926 0.9683312 0.948926 0.9683312 0.9636983 0.9555458 0.9325119 0.9683312 0.9325119 0.9683312 0.948926 0.9555458 0.9150868 0.9683312 0.9150868 0.9683312 0.9325119 0.9555458 0.8973203 0.9683312 0.8973203 0.9683312 0.9150868 0.9555458 0.8798952 0.9683312 0.8798952 0.9683312 0.8973203 0.9555458 0.863481 0.9683312 0.8634811 0.9683312 0.8798952 0.9555458 0.8487087 0.9683312 0.8487087 0.9683312 0.8634811 0.5710652 0.8440923 0.5838506 0.8440923 0.5838506 0.8587098 0.5710652 0.8277856 0.5838506 0.8277857 0.5838506 0.8440923 0.5710652 0.8104164 0.5838506 0.8104164 0.5838506 0.8277857 0.5710652 0.792652 0.5838506 0.792652 0.5838506 0.8104164 0.5710652 0.7751752 0.5838506 0.7751752 0.5838506 0.792652 0.5710652 0.7586576 0.5838506 0.7586576 0.5838506 0.7751752 0.5710652 0.743734 0.5838506 0.743734 0.5838506 0.7586576 0.5710652 0.7309778 0.5838506 0.7309778 0.5838506 0.743734 0.5944747 0.8440924 0.6072602 0.8440924 0.6072602 0.8587098 0.5944747 0.8277857 0.6072602 0.8277857 0.6072602 0.8440924 0.5944747 0.8104164 0.6072602 0.8104164 0.6072602 0.8277857 0.5944747 0.792652 0.6072602 0.792652 0.6072602 0.8104164 0.5944747 0.7751752 0.6072602 0.7751752 0.6072602 0.792652 0.5944747 0.7586576 0.6072602 0.7586576 0.6072602 0.7751752 0.5944747 0.743734 0.6072602 0.743734 0.6072602 0.7586576 0.5944747 0.7309778 0.6072602 0.7309778 0.6072602 0.743734 0.4071987 0.8585303 0.4199842 0.8585303 0.4199842 0.871093 0.4071987 0.8437579 0.4199842 0.8437579 0.4199842 0.8585303 0.4071987 0.8273438 0.4199842 0.8273438 0.4199842 0.8437579 0.4071987 0.8099187 0.4199842 0.8099187 0.4199842 0.8273438 0.9215122 0.7891528 0.9215122 0.8066296 0.9087268 0.8066296 0.9215122 0.8066296 0.9215122 0.8231472 0.9087268 0.8231472 0.9215122 0.8231472 0.9215122 0.8380708 0.9087268 0.8380708 0.9215122 0.8380708 0.9215122 0.850827 0.9087268 0.850827 0.9449217 0.7230951 0.9449217 0.7377125 0.9321363 0.7377125 0.9449217 0.7377125 0.9449217 0.7540192 0.9321362 0.7540192 0.9449217 0.7540192 0.9449217 0.7713885 0.9321362 0.7713885 0.9449217 0.7713885 0.9449217 0.7891528 0.9321362 0.7891528 0.9449217 0.7891528 0.9449217 0.8066296 0.9321362 0.8066296 0.9449217 0.8066296 0.9449217 0.8231472 0.9321362 0.8231472 0.9449217 0.8231472 0.9449217 0.8380708 0.9321362 0.8380708 0.9449217 0.8380708 0.9449217 0.850827 0.9321362 0.850827 0.5136222 0.7309778 0.5136222 0.7435407 0.5008367 0.7435407 0.5136222 0.7435407 0.5136222 0.758313 0.5008367 0.758313 0.5136222 0.758313 0.5136222 0.7747271 0.5008367 0.7747271 0.5136222 0.7747271 0.5136222 0.7921522 0.5008367 0.7921522 0.5136222 0.7921522 0.5136222 0.8099187 0.5008367 0.8099187 0.5136222 0.8099187 0.5136222 0.8273438 0.5008367 0.8273438 0.5136222 0.8273438 0.5136222 0.8437579 0.5008367 0.8437579 0.5136222 0.8437579 0.5136222 0.8585302 0.5008367 0.8585302 0.5136222 0.8585302 0.5136222 0.8710931 0.5008367 0.8710931 0.9215122 0.861451 0.9215122 0.8762233 0.9087268 0.8762233 0.9215122 0.8762233 0.9215122 0.8926374 0.9087268 0.8926374 0.9215122 0.8926374 0.9215122 0.9100625 0.9087268 0.9100625 0.9215122 0.9100625 0.9215122 0.927829 0.9087268 0.927829 0.9215122 0.927829 0.9215122 0.9452542 0.9087267 0.9452542 0.9215122 0.9452542 0.9215122 0.9616683 0.9087267 0.9616683 0.9215122 0.9616683 0.9215122 0.9764406 0.9087267 0.9764406 0.9215122 0.7230951 0.9215122 0.7377125 0.9087268 0.7377125 0.9215122 0.7377125 0.9215122 0.7540192 0.9087268 0.7540192 0.9215122 0.7540192 0.9215122 0.7713885 0.9087268 0.7713885 0.9215122 0.7713885 0.9215122 0.7891528 0.9087268 0.7891528 0.5123824 0.6594939 0.5036658 0.6384502 0.4992221 0.6161103 0.4992221 0.6161103 0.4992221 0.5933327 0.5036658 0.5709928 0.5036658 0.5709928 0.5123824 0.5499491 0.560082 0.5022495 0.5123824 0.5499491 0.5250369 0.5310102 0.560082 0.5022495 0.5250369 0.5310102 0.5411431 0.5149041 0.560082 0.5022495 0.560082 0.5022495 0.5811257 0.4935329 0.6034656 0.4890892 0.6034656 0.4890892 0.6262432 0.4890892 0.6485831 0.4935329 0.6485831 0.4935329 0.6696268 0.5022495 0.7173264 0.5499491 0.6696268 0.5022495 0.6885657 0.514904 0.7173264 0.5499491 0.6885657 0.514904 0.7046719 0.5310102 0.7173264 0.5499491 0.7173264 0.5499491 0.7260431 0.5709928 0.7304867 0.5933327 0.7304867 0.5933327 0.7304867 0.6161103 0.7260431 0.6384502 0.7260431 0.6384502 0.7173264 0.6594939 0.6696268 0.7071935 0.7173264 0.6594939 0.7046719 0.6784328 0.6696268 0.7071935 0.7046719 0.6784328 0.6885657 0.694539 0.6696268 0.7071935 0.6696268 0.7071935 0.6485831 0.7159101 0.6262432 0.7203538 0.6262432 0.7203538 0.6034656 0.7203538 0.5811257 0.7159101 0.5811257 0.7159101 0.560082 0.7071935 0.5123824 0.6594939 0.560082 0.7071935 0.5411431 0.694539 0.5123824 0.6594939 0.5411431 0.694539 0.5250369 0.6784328 0.5123824 0.6594939 0.5123824 0.6594939 0.4992221 0.6161103 0.560082 0.5022495 0.4992221 0.6161103 0.5036658 0.5709928 0.560082 0.5022495 0.560082 0.5022495 0.6034656 0.4890892 0.7173264 0.5499491 0.6034656 0.4890892 0.6485831 0.4935329 0.7173264 0.5499491 0.7173264 0.5499491 0.7304867 0.5933327 0.6696268 0.7071935 0.7304867 0.5933327 0.7260431 0.6384502 0.6696268 0.7071935 0.6696268 0.7071935 0.6262432 0.7203538 0.5123824 0.6594939 0.6262432 0.7203538 0.5811257 0.7159101 0.5123824 0.6594939 0.5123824 0.6594939 0.560082 0.5022495 0.7173264 0.5499491 0.9327221 0.05333745 0.9503671 0.05333745 0.9503671 0.3524605 0.7816001 0.05516016 0.7940558 0.054434 0.8114654 0.35305 0.9653359 0.412229 0.9829809 0.412229 0.9829809 0.711352 0.01987534 0.5581474 0.03437554 0.5588542 0.01981228 0.8576225 0.861777 0.4127288 0.8791306 0.4123683 0.8853424 0.7114269 0.05956292 0.5581474 0.07406318 0.5588542 0.05949985 0.8576225 0.8959664 0.05383729 0.91332 0.05347687 0.9195318 0.3525354 0.7585203 0.4135223 0.770976 0.4142484 0.7535665 0.7128644 0.9789553 0.8500416 0.9832438 0.8500416 0.9832438 0.8625448 0.2669807 0.6151603 0.2710536 0.6356364 0.2617772 0.6384504 0.279043 0.6549245 0.2704938 0.6594941 0.2617772 0.6384504 0.2906418 0.6722832 0.2831483 0.678433 0.2704938 0.6594941 0.3054043 0.6870456 0.2992545 0.6945391 0.2831483 0.678433 0.322763 0.6986444 0.3181933 0.7071937 0.2992545 0.6945391 0.322763 0.6986444 0.3420511 0.7066338 0.3392371 0.7159103 0.3420511 0.7066338 0.3625271 0.7107067 0.361577 0.720354 0.3834044 0.7107068 0.3843546 0.720354 0.361577 0.720354 0.3834044 0.7107068 0.4038805 0.7066338 0.4066945 0.7159103 0.4231685 0.6986444 0.4277382 0.7071937 0.4066945 0.7159103 0.4405273 0.6870456 0.4466771 0.6945391 0.4277382 0.7071937 0.4552898 0.6722832 0.4627833 0.678433 0.4466771 0.6945391 0.4668886 0.6549244 0.4754378 0.6594941 0.4627833 0.678433 0.4668886 0.6549244 0.4748779 0.6356363 0.4841544 0.6384503 0.4748779 0.6356363 0.4789509 0.6151603 0.4885981 0.6161105 0.4789509 0.5942831 0.4885981 0.5933328 0.4885981 0.6161105 0.4789509 0.5942831 0.4748779 0.573807 0.4841544 0.570993 0.4668886 0.5545189 0.4754378 0.5499492 0.4841544 0.570993 0.4552898 0.5371601 0.4627832 0.5310103 0.4754378 0.5499492 0.4405273 0.5223976 0.446677 0.5149042 0.4627832 0.5310103 0.4231685 0.5107989 0.4277382 0.5022497 0.446677 0.5149042 0.4231685 0.5107989 0.4038805 0.5028095 0.4066945 0.493533 0.4038805 0.5028095 0.3834044 0.4987366 0.3843545 0.4890893 0.3625271 0.4987366 0.361577 0.4890893 0.3843545 0.4890893 0.3625271 0.4987366 0.342051 0.5028095 0.339237 0.493533 0.322763 0.5107989 0.3181933 0.5022497 0.339237 0.493533 0.3054042 0.5223976 0.2992545 0.5149042 0.3181933 0.5022497 0.2906418 0.5371601 0.2831483 0.5310104 0.2992545 0.5149042 0.279043 0.5545189 0.2704938 0.5499492 0.2831483 0.5310104 0.279043 0.5545189 0.2710536 0.573807 0.2617772 0.570993 0.2710536 0.573807 0.2669807 0.5942831 0.2573335 0.5933329 0.2669807 0.6151603 0.2573335 0.6161105 0.2573335 0.5933329 0.5077365 0.1314945 0.4992221 0.1323331 0.4992221 0.1095555 0.5077365 0.1103941 0.4992221 0.1095555 0.5036658 0.0872156 0.5118529 0.08969914 0.5036658 0.0872156 0.5123824 0.06617188 0.5199277 0.07020491 0.5123824 0.06617188 0.5250369 0.04723298 0.5465707 0.03774034 0.5316504 0.05266058 0.5250369 0.04723298 0.564115 0.0260176 0.5465707 0.03774034 0.5411431 0.03112679 0.564115 0.0260176 0.560082 0.01847225 0.5811257 0.009755671 0.6043042 0.01382637 0.5836092 0.01794284 0.5811257 0.009755671 0.6043042 0.01382637 0.6034656 0.005311965 0.6262432 0.005311965 0.6254046 0.01382637 0.6262432 0.005311965 0.6485831 0.009755671 0.6460995 0.01794284 0.6485831 0.009755671 0.6696268 0.01847225 0.6655938 0.0260176 0.6696268 0.01847225 0.6885657 0.03112679 0.6980583 0.05266058 0.6831381 0.03774034 0.6885657 0.03112679 0.7097811 0.07020491 0.6980583 0.05266058 0.7046719 0.04723298 0.7097811 0.07020491 0.7173264 0.06617182 0.726043 0.0872156 0.7219724 0.1103941 0.7178559 0.08969914 0.726043 0.0872156 0.7219724 0.1103941 0.7304867 0.1095555 0.7304867 0.132333 0.7219724 0.1314945 0.7304867 0.132333 0.726043 0.154673 0.7178559 0.1521894 0.726043 0.154673 0.7173264 0.1757167 0.7097811 0.1716837 0.7173264 0.1757167 0.7046719 0.1946555 0.6831381 0.2041482 0.6980584 0.189228 0.7046719 0.1946555 0.6655938 0.215871 0.6831381 0.2041482 0.6885657 0.2107617 0.6655938 0.215871 0.6696268 0.2234163 0.6485831 0.2321329 0.6254046 0.2280622 0.6460996 0.2239457 0.6485831 0.2321329 0.6254046 0.2280622 0.6262432 0.2365766 0.6034656 0.2365766 0.6043042 0.2280622 0.6034656 0.2365766 0.5811257 0.2321329 0.5836093 0.2239457 0.5811257 0.2321329 0.560082 0.2234163 0.5641151 0.215871 0.560082 0.2234163 0.5411431 0.2107618 0.5316505 0.189228 0.5465707 0.2041482 0.5411431 0.2107618 0.5199277 0.1716837 0.5316505 0.189228 0.5250369 0.1946556 0.5199277 0.1716837 0.5123824 0.1757167 0.5036658 0.154673 0.5077365 0.1314945 0.5118529 0.1521894 0.5036658 0.154673 0.9503671 0.05333745 0.9327221 0.05333745 0.9301558 0.005311965 0.7940558 0.054434 0.7816001 0.05516016 0.7953865 0.006249368 0.9829809 0.412229 0.9653359 0.412229 0.9627696 0.3642035 0.03437554 0.5588542 0.01987534 0.5581474 0.005311965 0.509355 0.8791306 0.4123683 0.861777 0.4127288 0.8629411 0.3646688 0.07406318 0.5588542 0.05956292 0.5581474 0.04499959 0.509355 0.91332 0.05347687 0.8959664 0.05383729 0.8971305 0.005777299 0.770976 0.4142484 0.7585203 0.4135223 0.7411108 0.3644002 0.9789553 0.801661 0.9832438 0.801661 0.9832438 0.8190034 0.9789553 0.7503003 0.9832438 0.7503003 0.9832438 0.7666365 0.9789553 0.7355982 0.9832438 0.7355982 0.9832438 0.7503003 0.9789553 0.723095 0.9832438 0.723095 0.9832438 0.7355982 0.2409679 0.9673041 0.2452564 0.9673041 0.2452564 0.9820063 0.2409679 0.950968 0.2452564 0.950968 0.2452564 0.9673041 0.2409679 0.9336256 0.2452564 0.9336256 0.2452564 0.950968 0.2409679 0.9159435 0.2452564 0.9159435 0.2452564 0.9336256 0.2409679 0.8986011 0.2452564 0.8986011 0.2452564 0.9159435 0.2409679 0.882265 0.2452564 0.882265 0.2452564 0.8986011 0.2409679 0.8675628 0.2452564 0.8675628 0.2452564 0.882265 0.9321362 0.9740282 0.9364246 0.9740282 0.9364246 0.9885762 0.9321362 0.957799 0.9364246 0.957799 0.9364246 0.9740282 0.9321362 0.9405122 0.9364246 0.9405122 0.9364246 0.957799 0.9321362 0.9228322 0.9364246 0.9228322 0.9364246 0.9405122 0.9321362 0.9054384 0.9364246 0.9054384 0.9364246 0.9228322 0.9321362 0.8889993 0.9364246 0.8889993 0.9364246 0.9054384 0.9321362 0.8741465 0.9364246 0.8741465 0.9364246 0.8889993 0.9321362 0.861451 0.9364246 0.861451 0.9364246 0.8741465 0.9869669 0.1178892 0.9912554 0.1178892 0.9912554 0.1324372 0.9869669 0.10166 0.9912554 0.10166 0.9912554 0.1178892 0.9869669 0.08437317 0.9912554 0.08437317 0.9912554 0.10166 0.9869669 0.06669318 0.9912554 0.06669318 0.9912554 0.08437317 0.9869669 0.04929941 0.9912554 0.04929941 0.9912554 0.06669318 0.9869669 0.03286027 0.9912554 0.03286027 0.9912554 0.04929941 0.9869669 0.01800751 0.9912554 0.01800751 0.9912554 0.03286027 0.03225785 0.3010913 0.04280674 0.3097485 0.031084 0.3272928 0.9869669 0.005311965 0.9912554 0.005311965 0.9912554 0.01800751 0.9789553 0.8353395 0.9832438 0.8353395 0.9832438 0.8500416 0.9789553 0.8190034 0.9832438 0.8190034 0.9832438 0.8353395 0.01904892 0.4352045 0.009950339 0.4132387 0.02300924 0.4092773 0.2467094 0.3899199 0.2331286 0.3885823 0.2331286 0.3674819 0.03225791 0.4549731 0.01904892 0.4352045 0.031084 0.4287716 0.01904886 0.3208599 0.031084 0.3272928 0.02300924 0.346787 0.2467094 0.3661443 0.2331286 0.3674819 0.2290121 0.346787 0.04906976 0.471785 0.03225791 0.4549731 0.0428068 0.4463159 0.005311965 0.3661444 0.009950339 0.3428257 0.02300924 0.346787 0.2329725 0.3208599 0.242071 0.3428256 0.2290121 0.346787 0.04906976 0.471785 0.05772703 0.4612361 0.07527136 0.4729589 0.005311965 0.3661444 0.01889276 0.367482 0.01889276 0.3885824 0.2197635 0.3010912 0.2329725 0.3208599 0.2209374 0.3272927 0.06883847 0.484994 0.07527136 0.4729589 0.0947656 0.4810336 0.9789553 0.7666365 0.9832438 0.7666365 0.9832438 0.7839788 0.2029516 0.2842793 0.2197635 0.3010912 0.2092146 0.3097484 0.1141229 0.4987308 0.09080421 0.4940925 0.0947656 0.4810336 0.2029516 0.2842793 0.1942943 0.2948282 0.17675 0.2831054 0.1141229 0.4987308 0.1154605 0.4851501 0.1365609 0.4851501 0.183183 0.2710703 0.17675 0.2831054 0.1572558 0.2750307 0.1378985 0.4987308 0.1365609 0.4851501 0.1572559 0.4810336 0.1378985 0.2573335 0.1612172 0.2619718 0.1572558 0.2750307 0.183183 0.4849939 0.1612172 0.4940925 0.1572559 0.4810336 0.1378985 0.2573335 0.1365609 0.2709142 0.1154605 0.2709142 0.2029517 0.471785 0.183183 0.4849939 0.1767501 0.4729588 0.1141229 0.2573335 0.1154605 0.2709142 0.09476548 0.2750307 0.2197635 0.4549731 0.2029517 0.471785 0.1942944 0.4612361 0.06883835 0.2710704 0.09080415 0.2619718 0.09476548 0.2750307 0.2197635 0.4549731 0.2092146 0.4463158 0.2209374 0.4287715 0.0490697 0.2842794 0.06883835 0.2710704 0.0752713 0.2831055 0.2329725 0.4352044 0.2209374 0.4287715 0.2290121 0.4092773 0.03225785 0.3010913 0.0490697 0.2842794 0.05772697 0.2948282 0.2467094 0.3899199 0.242071 0.4132387 0.2290121 0.4092773 0.005311965 0.38992 0.01889276 0.3885824 0.02300924 0.4092773 0.8746932 0.834883 0.8220894 0.8263223 0.8220894 0.8089286 0.8746932 0.8569872 0.8220894 0.8427615 0.8220894 0.8263223 0.8746932 0.8769584 0.8220894 0.8576142 0.8220894 0.8427615 0.8746932 0.8769584 0.8746932 0.894029 0.8220894 0.8703098 0.7937145 0.7234884 0.7937145 0.7430498 0.7411107 0.7581259 0.7937145 0.7648718 0.7411107 0.7743551 0.7411107 0.7581259 0.7937145 0.7648718 0.7937145 0.7881158 0.7411107 0.7916419 0.7937145 0.8118885 0.7411107 0.8093219 0.7411107 0.7916419 0.7937145 0.8352764 0.7411107 0.8267157 0.7411107 0.8093219 0.7937145 0.8573806 0.7411107 0.8431549 0.7411107 0.8267157 0.7937145 0.8773518 0.7411107 0.8580076 0.7411107 0.8431549 0.7937145 0.8773518 0.7937145 0.8944224 0.7411107 0.8707031 0.2005189 0.5093549 0.2005189 0.5261668 0.1479151 0.545886 0.2005189 0.5459355 0.1479151 0.5605881 0.1479151 0.545886 0.2005189 0.5459355 0.2005189 0.5679012 0.1479151 0.5769243 0.2005189 0.59122 0.1479151 0.5942667 0.1479151 0.5769243 0.2005189 0.6149955 0.1479151 0.6119488 0.1479151 0.5942667 0.2005189 0.6383143 0.1479151 0.6292912 0.1479151 0.6119488 0.2005189 0.6602801 0.1479151 0.6456273 0.1479151 0.6292912 0.2005189 0.6602801 0.2005189 0.6800487 0.1479151 0.6603295 0.2005189 0.6800487 0.2005189 0.6968606 0.1479151 0.6728326 0.3731652 0.7507466 0.3205614 0.7653992 0.3205614 0.7506971 0.3731652 0.7507466 0.3731652 0.7727123 0.3205614 0.7817354 0.3731652 0.7960311 0.3205614 0.7990778 0.3205614 0.7817354 0.3731652 0.8198066 0.3205614 0.8167599 0.3205614 0.7990778 0.3731652 0.8431254 0.3205614 0.8341023 0.3205614 0.8167599 0.3731652 0.8650911 0.3205614 0.8504384 0.3205614 0.8341023 0.3731652 0.8650911 0.3731652 0.8848598 0.3205614 0.8651406 0.8746932 0.723095 0.8746932 0.7426565 0.8220894 0.7577325 0.8746932 0.7644785 0.8220894 0.7739618 0.8220894 0.7577325 0.8746932 0.7644785 0.8746932 0.7877225 0.8220894 0.7912486 0.8746932 0.7877225 0.8746932 0.8114952 0.8220894 0.8089286 0.9789553 0.7839788 0.9832438 0.7839788 0.9832438 0.801661 0.6306697 0.7970356 0.6306697 0.8145124 0.6178843 0.8145124 0.6306697 0.8145124 0.6306697 0.83103 0.6178843 0.83103 0.6306697 0.83103 0.6306697 0.8459536 0.6178843 0.8459536 0.6306697 0.8459536 0.6306697 0.8587097 0.6178843 0.8587097 0.6540793 0.7309778 0.6540793 0.7455952 0.6412938 0.7455952 0.6540793 0.7455952 0.6540793 0.7619019 0.6412938 0.7619019 0.6540793 0.7619019 0.6540793 0.7792712 0.6412938 0.7792712 0.6540793 0.7792712 0.6540793 0.7970356 0.6412938 0.7970356 0.6540793 0.7970356 0.6540793 0.8145124 0.6412938 0.8145124 0.6540793 0.8145124 0.6540793 0.83103 0.6412938 0.83103 0.6540793 0.83103 0.6540793 0.8459536 0.6412938 0.8459536 0.6540793 0.8459536 0.6540793 0.8587097 0.6412938 0.8587097 0.4433937 0.7309779 0.4433937 0.7435407 0.4306082 0.7435407 0.4433937 0.7435407 0.4433937 0.758313 0.4306082 0.758313 0.4433937 0.758313 0.4433937 0.7747271 0.4306082 0.7747271 0.4433937 0.7747271 0.4433937 0.7921522 0.4306082 0.7921522 0.4433937 0.7921522 0.4433937 0.8099188 0.4306082 0.8099188 0.4433937 0.8099188 0.4433937 0.8273439 0.4306082 0.8273439 0.4433937 0.8273439 0.4433937 0.843758 0.4306082 0.843758 0.4433937 0.843758 0.4433937 0.8585304 0.4306082 0.8585304 0.4433937 0.8585304 0.4433937 0.8710932 0.4306082 0.8710932 0.9763428 0.005311965 0.9763428 0.02008432 0.9635574 0.02008432 0.9763428 0.02008432 0.9763428 0.03649842 0.9635574 0.03649842 0.9763428 0.03649842 0.9763428 0.05392354 0.9635574 0.05392354 0.9763428 0.05392354 0.9763428 0.07169008 0.9635574 0.07169008 0.9763428 0.07169008 0.9763428 0.0891152 0.9635574 0.0891152 0.9763428 0.0891152 0.9763428 0.1055293 0.9635574 0.1055293 0.9763428 0.1055293 0.9763428 0.1203016 0.9635574 0.1203016 0.6306697 0.7309778 0.6306697 0.7455952 0.6178843 0.7455952 0.6306697 0.7455952 0.6306697 0.7619019 0.6178843 0.7619019 0.6306697 0.7619019 0.6306697 0.7792712 0.6178843 0.7792712 0.6306697 0.7792712 0.6306697 0.7970356 0.6178843 0.7970356 0.6774888 0.7970356 0.6774888 0.8145124 0.6647033 0.8145124 0.6774888 0.8145124 0.6774888 0.83103 0.6647033 0.83103 0.6774888 0.83103 0.6774888 0.8459537 0.6647033 0.8459537 0.6774888 0.8459537 0.6774888 0.8587098 0.6647033 0.8587098 0.7008983 0.7309778 0.7008983 0.7455953 0.6881129 0.7455953 0.7008983 0.7455953 0.7008983 0.761902 0.6881129 0.761902 0.7008983 0.761902 0.7008983 0.7792713 0.6881129 0.7792713 0.7008983 0.7792713 0.7008983 0.7970356 0.6881129 0.7970356 0.7008983 0.7970356 0.7008983 0.8145124 0.6881129 0.8145124 0.7008983 0.8145124 0.7008983 0.83103 0.6881129 0.83103 0.7008983 0.83103 0.7008983 0.8459537 0.6881129 0.8459537 0.7008983 0.8459537 0.7008983 0.8587098 0.6881129 0.8587098 0.4668032 0.7309778 0.4668032 0.7435407 0.4540177 0.7435407 0.4668032 0.7435407 0.4668032 0.758313 0.4540177 0.758313 0.4668032 0.758313 0.4668032 0.7747271 0.4540177 0.7747271 0.4668032 0.7747271 0.4668032 0.7921522 0.4540177 0.7921522 0.4668032 0.7921522 0.4668032 0.8099187 0.4540177 0.8099187 0.4668032 0.8099187 0.4668032 0.8273438 0.4540177 0.8273438 0.4668032 0.8273438 0.4668032 0.8437579 0.4540177 0.8437579 0.4668032 0.8437579 0.4668032 0.8585303 0.4540177 0.8585303 0.4668032 0.8585303 0.4668032 0.8710931 0.4540177 0.8710931 0.9763428 0.1309257 0.9763428 0.145698 0.9635574 0.145698 0.9763428 0.145698 0.9763428 0.1621121 0.9635574 0.1621121 0.9763428 0.1621121 0.9763428 0.1795372 0.9635574 0.1795372 0.9763428 0.1795372 0.9763428 0.1973037 0.9635574 0.1973037 0.9763428 0.1973037 0.9763428 0.2147288 0.9635574 0.2147288 0.9763428 0.2147288 0.9763428 0.2311429 0.9635574 0.2311429 0.9763428 0.2311429 0.9763428 0.2459153 0.9635574 0.2459153 0.6774888 0.7309778 0.6774888 0.7455953 0.6647033 0.7455953 0.6774888 0.7455953 0.6774888 0.761902 0.6647033 0.761902 0.6774888 0.761902 0.6774888 0.7792713 0.6647033 0.7792713 0.6774888 0.7792713 0.6774888 0.7970356 0.6647033 0.7970356</float_array>
          <technique_common>
            <accessor source="#Cylinder_002-mesh-map-0-array" count="3444" stride="2">
              <param name="S" type="float"/>
              <param name="T" type="float"/>
            </accessor>
          </technique_common>
        </source>
        <vertices id="Cylinder_002-mesh-vertices">
          <input semantic="POSITION" source="#Cylinder_002-mesh-positions"/>
        </vertices>
        <triangles material="Material_001-material" count="1148">
          <input semantic="VERTEX" source="#Cylinder_002-mesh-vertices" offset="0"/>
          <input semantic="NORMAL" source="#Cylinder_002-mesh-normals" offset="1"/>
          <input semantic="TEXCOORD" source="#Cylinder_002-mesh-map-0" offset="2" set="0"/>
          <p>2 0 0 1 0 1 0 0 2 4 1 3 3 1 4 2 1 5 6 2 6 5 2 7 4 2 8 8 3 9 7 3 10 6 3 11 10 4 12 9 4 13 8 4 14 12 5 15 11 5 16 10 5 17 14 6 18 13 6 19 12 6 20 16 7 21 15 7 22 14 7 23 18 8 24 17 8 25 16 8 26 20 9 27 19 9 28 18 9 29 22 10 30 21 10 31 20 10 32 24 11 33 23 11 34 22 11 35 26 12 36 25 12 37 24 12 38 28 13 39 27 13 40 26 13 41 30 14 42 29 14 43 28 14 44 32 15 45 31 15 46 30 15 47 34 16 48 33 16 49 32 16 50 36 17 51 35 17 52 34 17 53 38 18 54 37 18 55 36 18 56 40 19 57 39 19 58 38 19 59 42 20 60 41 20 61 40 20 62 44 21 63 43 21 64 42 21 65 46 22 66 45 22 67 44 22 68 48 23 69 47 23 70 46 23 71 50 24 72 49 24 73 48 24 74 52 25 75 51 25 76 50 25 77 54 26 78 53 26 79 52 26 80 56 27 81 55 27 82 54 27 83 58 28 84 57 28 85 56 28 86 60 29 87 59 29 88 58 29 89 62 30 90 61 30 91 60 30 92 0 31 93 63 31 94 62 31 95 81 32 96 73 32 97 65 32 98 145 33 99 129 33 100 144 33 101 147 34 102 130 34 103 146 34 104 149 35 105 132 35 106 148 35 107 151 36 108 134 36 109 150 36 110 153 37 111 136 37 112 152 37 113 155 38 114 138 38 115 154 38 116 157 39 117 140 39 118 156 39 119 159 40 120 142 40 121 158 40 122 284 41 123 347 41 124 345 41 125 96 42 126 162 42 127 97 42 128 162 43 129 98 43 130 97 43 131 165 44 132 99 44 133 98 44 134 167 45 135 100 45 136 99 45 137 169 46 138 101 46 139 100 46 140 101 47 141 173 47 142 102 47 143 102 48 144 175 48 145 103 48 146 175 49 147 104 49 148 103 49 149 104 50 150 179 50 151 105 50 152 179 51 153 106 51 154 105 51 155 181 52 156 107 52 157 106 52 158 183 53 159 108 53 160 107 53 161 185 54 162 109 54 163 108 54 164 109 55 165 189 55 166 110 55 167 110 56 168 191 56 169 111 56 170 191 57 171 112 57 172 111 57 173 112 58 174 195 58 175 113 58 176 195 59 177 114 59 178 113 59 179 197 60 180 115 60 181 114 60 182 199 61 183 116 61 184 115 61 185 201 62 186 117 62 187 116 62 188 117 63 189 205 63 190 118 63 191 118 64 192 207 64 193 119 64 194 207 65 195 120 65 196 119 65 197 120 66 198 211 66 199 121 66 200 211 67 201 122 67 202 121 67 203 213 68 204 123 68 205 122 68 206 215 69 207 124 69 208 123 69 209 217 70 210 125 70 211 124 70 212 125 71 213 221 71 214 126 71 215 126 72 216 223 72 217 127 72 218 223 73 219 96 73 220 127 73 221 161 74 222 224 74 223 225 74 224 164 75 225 225 75 226 226 75 227 166 76 228 226 76 229 227 76 230 168 77 231 227 77 232 228 77 233 229 78 234 168 78 235 228 78 236 230 79 237 170 79 238 229 79 239 174 80 240 230 80 241 231 80 242 232 81 243 174 81 244 231 81 245 178 82 246 232 82 247 233 82 248 180 83 249 233 83 250 234 83 251 182 84 252 234 84 253 235 84 254 184 85 255 235 85 256 236 85 257 237 86 258 184 86 259 236 86 260 238 87 261 186 87 262 237 87 263 190 88 264 238 88 265 239 88 266 240 89 267 190 89 268 239 89 269 194 90 270 240 90 271 241 90 272 196 91 273 241 91 274 242 91 275 198 92 276 242 92 277 243 92 278 200 93 279 243 93 280 244 93 281 245 94 282 200 94 283 244 94 284 246 95 285 202 95 286 245 95 287 206 96 288 246 96 289 247 96 290 248 97 291 206 97 292 247 97 293 210 98 294 248 98 295 249 98 296 212 99 297 249 99 298 250 99 299 214 100 300 250 100 301 251 100 302 216 101 303 251 101 304 252 101 305 253 102 306 216 102 307 252 102 308 254 103 309 218 103 310 253 103 311 222 104 312 254 104 313 255 104 314 224 105 315 222 105 316 255 105 317 128 106 318 163 106 319 129 106 320 131 107 321 169 107 322 130 107 323 133 108 324 177 108 325 132 108 326 135 109 327 185 109 328 134 109 329 137 110 330 193 110 331 136 110 332 139 111 333 201 111 334 138 111 335 141 112 336 209 112 337 140 112 338 143 113 339 217 113 340 142 113 341 287 114 342 288 114 343 351 114 344 258 115 345 295 115 346 293 115 347 259 116 348 297 116 349 295 116 350 260 117 351 299 117 352 297 117 353 261 118 354 301 118 355 299 118 356 262 119 357 303 119 358 301 119 359 263 120 360 305 120 361 303 120 362 264 121 363 307 121 364 305 121 365 265 122 366 309 122 367 307 122 368 266 123 369 311 123 370 309 123 371 267 124 372 313 124 373 311 124 374 268 125 375 315 125 376 313 125 377 269 126 378 317 126 379 315 126 380 270 127 381 319 127 382 317 127 383 271 128 384 321 128 385 319 128 386 272 129 387 323 129 388 321 129 389 273 130 390 325 130 391 323 130 392 274 131 393 327 131 394 325 131 395 275 132 396 329 132 397 327 132 398 276 133 399 331 133 400 329 133 401 277 134 402 333 134 403 331 134 404 278 135 405 335 135 406 333 135 407 279 136 408 337 136 409 335 136 410 280 137 411 339 137 412 337 137 413 281 138 414 341 138 415 339 138 416 282 139 417 343 139 418 341 139 419 252 140 420 342 140 421 344 140 422 283 141 423 345 141 424 343 141 425 285 142 426 349 142 427 347 142 428 286 143 429 351 143 430 349 143 431 290 144 432 224 144 433 289 144 434 239 145 435 316 145 436 318 145 437 292 146 438 225 146 439 290 146 440 253 147 441 344 147 442 346 147 443 240 148 444 318 148 445 320 148 446 294 149 447 226 149 448 292 149 449 348 150 450 253 150 451 346 150 452 322 151 453 240 151 454 320 151 455 228 152 456 294 152 457 296 152 458 255 153 459 348 153 460 350 153 461 324 154 462 241 154 463 322 154 464 229 155 465 296 155 466 298 155 467 257 156 468 293 156 469 291 156 470 326 157 471 242 157 472 324 157 473 300 158 474 229 158 475 298 158 476 244 159 477 326 159 478 328 159 479 231 160 480 300 160 481 302 160 482 245 161 483 328 161 484 330 161 485 232 162 486 302 162 487 304 162 488 332 163 489 245 163 490 330 163 491 306 164 492 232 164 493 304 164 494 247 165 495 332 165 496 334 165 497 308 166 498 233 166 499 306 166 500 248 167 501 334 167 502 336 167 503 310 168 504 234 168 505 308 168 506 338 169 507 248 169 508 336 169 509 236 170 510 310 170 511 312 170 512 340 171 513 249 171 514 338 171 515 237 172 516 312 172 517 314 172 518 342 173 519 250 173 520 340 173 521 316 174 522 237 174 523 314 174 524 224 175 525 350 175 526 289 175 527 288 176 528 290 176 529 289 176 530 291 177 531 292 177 532 290 177 533 293 178 534 294 178 535 292 178 536 294 179 537 297 179 538 296 179 539 296 180 540 299 180 541 298 180 542 299 181 543 300 181 544 298 181 545 300 182 546 303 182 547 302 182 548 303 183 549 304 183 550 302 183 551 305 184 552 306 184 553 304 184 554 307 185 555 308 185 556 306 185 557 309 186 558 310 186 559 308 186 560 310 187 561 313 187 562 312 187 563 312 188 564 315 188 565 314 188 566 315 189 567 316 189 568 314 189 569 316 190 570 319 190 571 318 190 572 319 191 573 320 191 574 318 191 575 321 192 576 322 192 577 320 192 578 323 193 579 324 193 580 322 193 581 325 194 582 326 194 583 324 194 584 326 195 585 329 195 586 328 195 587 328 196 588 331 196 589 330 196 590 331 197 591 332 197 592 330 197 593 332 198 594 335 198 595 334 198 596 335 199 597 336 199 598 334 199 599 337 200 600 338 200 601 336 200 602 339 201 603 340 201 604 338 201 605 341 202 606 342 202 607 340 202 608 342 203 609 345 203 610 344 203 611 344 204 612 347 204 613 346 204 614 347 205 615 348 205 616 346 205 617 348 206 618 351 206 619 350 206 620 350 207 621 288 207 622 289 207 623 256 208 624 291 208 625 288 208 626 354 209 627 353 209 628 352 209 629 356 210 630 355 210 631 354 210 632 358 211 633 357 211 634 356 211 635 360 212 636 359 212 637 358 212 638 362 213 639 361 213 640 360 213 641 364 214 642 363 214 643 362 214 644 366 215 645 365 215 646 364 215 647 368 216 648 367 216 649 366 216 650 370 217 651 369 217 652 368 217 653 372 218 654 371 218 655 370 218 656 374 219 657 373 219 658 372 219 659 376 220 660 375 220 661 374 220 662 378 221 663 377 221 664 376 221 665 380 222 666 379 222 667 378 222 668 382 223 669 381 223 670 380 223 671 384 224 672 383 224 673 382 224 674 386 225 675 385 225 676 384 225 677 388 226 678 387 226 679 386 226 680 390 227 681 389 227 682 388 227 683 392 228 684 391 228 685 390 228 686 394 229 687 393 229 688 392 229 689 396 230 690 395 230 691 394 230 692 398 231 693 397 231 694 396 231 695 400 232 696 399 232 697 398 232 698 402 233 699 401 233 700 400 233 701 404 234 702 403 234 703 402 234 704 406 235 705 405 235 706 404 235 707 408 236 708 407 236 709 406 236 710 410 237 711 409 237 712 408 237 713 412 238 714 411 238 715 410 238 716 414 239 717 413 239 718 412 239 719 352 240 720 415 240 721 414 240 722 418 241 723 417 241 724 416 241 725 420 242 726 419 242 727 418 242 728 422 243 729 421 243 730 420 243 731 424 244 732 423 244 733 422 244 734 426 245 735 425 245 736 424 245 737 428 246 738 427 246 739 426 246 740 430 247 741 429 247 742 428 247 743 432 248 744 431 248 745 430 248 746 434 249 747 433 249 748 432 249 749 436 250 750 435 250 751 434 250 752 438 251 753 437 251 754 436 251 755 440 252 756 439 252 757 438 252 758 442 253 759 441 253 760 440 253 761 444 254 762 443 254 763 442 254 764 446 255 765 445 255 766 444 255 767 448 256 768 447 256 769 446 256 770 450 257 771 449 257 772 448 257 773 452 258 774 451 258 775 450 258 776 454 259 777 453 259 778 452 259 779 456 260 780 455 260 781 454 260 782 458 261 783 457 261 784 456 261 785 460 262 786 459 262 787 458 262 788 462 263 789 461 263 790 460 263 791 464 264 792 463 264 793 462 264 794 466 265 795 465 265 796 464 265 797 468 266 798 467 266 799 466 266 800 470 267 801 469 267 802 468 267 803 472 268 804 471 268 805 470 268 806 474 269 807 473 269 808 472 269 809 476 270 810 475 270 811 474 270 812 478 271 813 477 271 814 476 271 815 416 272 816 479 272 817 478 272 818 481 273 819 482 273 820 480 273 821 483 274 822 484 274 823 482 274 824 485 275 825 486 275 826 484 275 827 487 276 828 488 276 829 486 276 830 489 277 831 490 277 832 488 277 833 491 278 834 492 278 835 490 278 836 493 279 837 494 279 838 492 279 839 495 280 840 496 280 841 494 280 842 497 281 843 498 281 844 496 281 845 499 282 846 500 282 847 498 282 848 501 283 849 502 283 850 500 283 851 503 284 852 504 284 853 502 284 854 505 285 855 506 285 856 504 285 857 507 286 858 508 286 859 506 286 860 509 287 861 510 287 862 508 287 863 511 288 864 512 288 865 510 288 866 513 289 867 514 289 868 512 289 869 515 290 870 516 290 871 514 290 872 517 291 873 518 291 874 516 291 875 519 292 876 520 292 877 518 292 878 521 293 879 522 293 880 520 293 881 523 294 882 524 294 883 522 294 884 525 295 885 526 295 886 524 295 887 527 296 888 528 296 889 526 296 890 529 297 891 530 297 892 528 297 893 531 298 894 532 298 895 530 298 896 533 299 897 534 299 898 532 299 899 535 300 900 536 300 901 534 300 902 537 301 903 538 301 904 536 301 905 539 302 906 540 302 907 538 302 908 541 303 909 542 303 910 540 303 911 543 304 912 480 304 913 542 304 914 559 305 915 567 305 916 575 305 917 609 306 918 625 306 919 624 306 920 610 307 921 627 307 922 626 307 923 612 308 924 629 308 925 628 308 926 614 309 927 631 309 928 630 309 929 616 310 930 633 310 931 632 310 932 618 311 933 635 311 934 634 311 935 620 312 936 637 312 937 636 312 938 622 313 939 639 313 940 638 313 941 827 314 942 764 314 943 825 314 944 576 315 945 642 315 946 643 315 947 578 316 948 642 316 949 577 316 950 579 317 951 645 317 952 578 317 953 580 318 954 647 318 955 579 318 956 581 319 957 649 319 958 580 319 959 581 320 960 653 320 961 651 320 962 582 321 963 655 321 964 653 321 965 584 322 966 655 322 967 583 322 968 584 323 969 659 323 970 657 323 971 586 324 972 659 324 973 585 324 974 587 325 975 661 325 976 586 325 977 588 326 978 663 326 979 587 326 980 589 327 981 665 327 982 588 327 983 589 328 984 669 328 985 667 328 986 590 329 987 671 329 988 669 329 989 592 330 990 671 330 991 591 330 992 592 331 993 675 331 994 673 331 995 594 332 996 675 332 997 593 332 998 595 333 999 677 333 1000 594 333 1001 596 334 1002 679 334 1003 595 334 1004 597 335 1005 681 335 1006 596 335 1007 597 336 1008 685 336 1009 683 336 1010 598 337 1011 687 337 1012 685 337 1013 600 338 1014 687 338 1015 599 338 1016 600 339 1017 691 339 1018 689 339 1019 602 340 1020 691 340 1021 601 340 1022 603 341 1023 693 341 1024 602 341 1025 604 342 1026 695 342 1027 603 342 1028 605 343 1029 697 343 1030 604 343 1031 605 344 1032 701 344 1033 699 344 1034 606 345 1035 703 345 1036 701 345 1037 576 346 1038 703 346 1039 607 346 1040 704 347 1041 641 347 1042 705 347 1043 705 348 1044 644 348 1045 706 348 1046 706 349 1047 646 349 1048 707 349 1049 707 350 1050 648 350 1051 708 350 1052 709 351 1053 648 351 1054 650 351 1055 710 352 1056 650 352 1057 652 352 1058 710 353 1059 654 353 1060 711 353 1061 712 354 1062 654 354 1063 656 354 1064 712 355 1065 658 355 1066 713 355 1067 713 356 1068 660 356 1069 714 356 1070 714 357 1071 662 357 1072 715 357 1073 715 358 1074 664 358 1075 716 358 1076 717 359 1077 664 359 1078 666 359 1079 718 360 1080 666 360 1081 668 360 1082 718 361 1083 670 361 1084 719 361 1085 720 362 1086 670 362 1087 672 362 1088 720 363 1089 674 363 1090 721 363 1091 721 364 1092 676 364 1093 722 364 1094 722 365 1095 678 365 1096 723 365 1097 723 366 1098 680 366 1099 724 366 1100 725 367 1101 680 367 1102 682 367 1103 726 368 1104 682 368 1105 684 368 1106 726 369 1107 686 369 1108 727 369 1109 728 370 1110 686 370 1111 688 370 1112 728 371 1113 690 371 1114 729 371 1115 729 372 1116 692 372 1117 730 372 1118 730 373 1119 694 373 1120 731 373 1121 731 374 1122 696 374 1123 732 374 1124 733 375 1125 696 375 1126 698 375 1127 734 376 1128 698 376 1129 700 376 1130 734 377 1131 702 377 1132 735 377 1133 704 378 1134 702 378 1135 640 378 1136 608 379 1137 643 379 1138 642 379 1139 611 380 1140 649 380 1141 651 380 1142 613 381 1143 657 381 1144 659 381 1145 615 382 1146 665 382 1147 667 382 1148 617 383 1149 673 383 1150 675 383 1151 619 384 1152 681 384 1153 683 384 1154 621 385 1155 689 385 1156 691 385 1157 623 386 1158 697 386 1159 699 386 1160 768 387 1161 767 387 1162 831 387 1163 775 388 1164 738 388 1165 773 388 1166 777 389 1167 739 389 1168 775 389 1169 779 390 1170 740 390 1171 777 390 1172 781 391 1173 741 391 1174 779 391 1175 783 392 1176 742 392 1177 781 392 1178 785 393 1179 743 393 1180 783 393 1181 787 394 1182 744 394 1183 785 394 1184 789 395 1185 745 395 1186 787 395 1187 791 396 1188 746 396 1189 789 396 1190 793 397 1191 747 397 1192 791 397 1193 795 398 1194 748 398 1195 793 398 1196 797 399 1197 749 399 1198 795 399 1199 799 400 1200 750 400 1201 797 400 1202 801 401 1203 751 401 1204 799 401 1205 803 402 1206 752 402 1207 801 402 1208 805 403 1209 753 403 1210 803 403 1211 807 404 1212 754 404 1213 805 404 1214 809 405 1215 755 405 1216 807 405 1217 811 406 1218 756 406 1219 809 406 1220 813 407 1221 757 407 1222 811 407 1223 815 408 1224 758 408 1225 813 408 1226 817 409 1227 759 409 1228 815 409 1229 819 410 1230 760 410 1231 817 410 1232 821 411 1233 761 411 1234 819 411 1235 823 412 1236 762 412 1237 821 412 1238 822 413 1239 732 413 1240 824 413 1241 825 414 1242 763 414 1243 823 414 1244 829 415 1245 765 415 1246 827 415 1247 831 416 1248 766 416 1249 829 416 1250 770 417 1251 704 417 1252 705 417 1253 796 418 1254 719 418 1255 798 418 1256 772 419 1257 705 419 1258 706 419 1259 824 420 1260 733 420 1261 826 420 1262 798 421 1263 720 421 1264 800 421 1265 774 422 1266 706 422 1267 707 422 1268 828 423 1269 733 423 1270 734 423 1271 802 424 1272 720 424 1273 721 424 1274 774 425 1275 708 425 1276 776 425 1277 828 426 1278 735 426 1279 830 426 1280 804 427 1281 721 427 1282 722 427 1283 776 428 1284 709 428 1285 778 428 1286 773 429 1287 737 429 1288 771 429 1289 806 430 1290 722 430 1291 723 430 1292 780 431 1293 709 431 1294 710 431 1295 806 432 1296 724 432 1297 808 432 1298 780 433 1299 711 433 1300 782 433 1301 808 434 1302 725 434 1303 810 434 1304 782 435 1305 712 435 1306 784 435 1307 812 436 1308 725 436 1309 726 436 1310 786 437 1311 712 437 1312 713 437 1313 812 438 1314 727 438 1315 814 438 1316 788 439 1317 713 439 1318 714 439 1319 814 440 1320 728 440 1321 816 440 1322 790 441 1323 714 441 1324 715 441 1325 818 442 1326 728 442 1327 729 442 1328 790 443 1329 716 443 1330 792 443 1331 820 444 1332 729 444 1333 730 444 1334 792 445 1335 717 445 1336 794 445 1337 822 446 1338 730 446 1339 731 446 1340 796 447 1341 717 447 1342 718 447 1343 830 448 1344 704 448 1345 769 448 1346 770 449 1347 768 449 1348 769 449 1349 772 450 1350 771 450 1351 770 450 1352 774 451 1353 773 451 1354 772 451 1355 774 452 1356 777 452 1357 775 452 1358 776 453 1359 779 453 1360 777 453 1361 780 454 1362 779 454 1363 778 454 1364 780 455 1365 783 455 1366 781 455 1367 784 456 1368 783 456 1369 782 456 1370 786 457 1371 785 457 1372 784 457 1373 788 458 1374 787 458 1375 786 458 1376 790 459 1377 789 459 1378 788 459 1379 790 460 1380 793 460 1381 791 460 1382 792 461 1383 795 461 1384 793 461 1385 796 462 1386 795 462 1387 794 462 1388 796 463 1389 799 463 1390 797 463 1391 800 464 1392 799 464 1393 798 464 1394 802 465 1395 801 465 1396 800 465 1397 804 466 1398 803 466 1399 802 466 1400 806 467 1401 805 467 1402 804 467 1403 806 468 1404 809 468 1405 807 468 1406 808 469 1407 811 469 1408 809 469 1409 812 470 1410 811 470 1411 810 470 1412 812 471 1413 815 471 1414 813 471 1415 816 472 1416 815 472 1417 814 472 1418 818 473 1419 817 473 1420 816 473 1421 820 474 1422 819 474 1423 818 474 1424 822 475 1425 821 475 1426 820 475 1427 822 476 1428 825 476 1429 823 476 1430 824 477 1431 827 477 1432 825 477 1433 828 478 1434 827 478 1435 826 478 1436 828 479 1437 831 479 1438 829 479 1439 830 480 1440 768 480 1441 831 480 1442 771 481 1443 736 481 1444 768 481 1445 833 482 1446 834 482 1447 832 482 1448 835 483 1449 836 483 1450 834 483 1451 837 484 1452 838 484 1453 836 484 1454 839 485 1455 840 485 1456 838 485 1457 841 486 1458 842 486 1459 840 486 1460 843 487 1461 844 487 1462 842 487 1463 845 488 1464 846 488 1465 844 488 1466 847 489 1467 848 489 1468 846 489 1469 849 490 1470 850 490 1471 848 490 1472 851 491 1473 852 491 1474 850 491 1475 853 492 1476 854 492 1477 852 492 1478 855 493 1479 856 493 1480 854 493 1481 857 494 1482 858 494 1483 856 494 1484 859 495 1485 860 495 1486 858 495 1487 861 496 1488 862 496 1489 860 496 1490 863 497 1491 864 497 1492 862 497 1493 865 498 1494 866 498 1495 864 498 1496 867 499 1497 868 499 1498 866 499 1499 869 500 1500 870 500 1501 868 500 1502 871 501 1503 872 501 1504 870 501 1505 873 502 1506 874 502 1507 872 502 1508 875 503 1509 876 503 1510 874 503 1511 877 504 1512 878 504 1513 876 504 1514 879 505 1515 880 505 1516 878 505 1517 881 506 1518 882 506 1519 880 506 1520 883 507 1521 884 507 1522 882 507 1523 885 508 1524 886 508 1525 884 508 1526 887 509 1527 888 509 1528 886 509 1529 889 510 1530 890 510 1531 888 510 1532 891 511 1533 892 511 1534 890 511 1535 893 512 1536 894 512 1537 892 512 1538 895 513 1539 832 513 1540 894 513 1541 897 514 1542 898 514 1543 896 514 1544 899 515 1545 900 515 1546 898 515 1547 901 516 1548 902 516 1549 900 516 1550 903 517 1551 904 517 1552 902 517 1553 905 518 1554 906 518 1555 904 518 1556 907 519 1557 908 519 1558 906 519 1559 909 520 1560 910 520 1561 908 520 1562 911 521 1563 912 521 1564 910 521 1565 913 522 1566 914 522 1567 912 522 1568 915 523 1569 916 523 1570 914 523 1571 917 524 1572 918 524 1573 916 524 1574 919 525 1575 920 525 1576 918 525 1577 921 526 1578 922 526 1579 920 526 1580 923 527 1581 924 527 1582 922 527 1583 925 528 1584 926 528 1585 924 528 1586 927 529 1587 928 529 1588 926 529 1589 929 530 1590 930 530 1591 928 530 1592 931 531 1593 932 531 1594 930 531 1595 933 532 1596 934 532 1597 932 532 1598 935 533 1599 936 533 1600 934 533 1601 937 534 1602 938 534 1603 936 534 1604 939 535 1605 940 535 1606 938 535 1607 941 536 1608 942 536 1609 940 536 1610 943 537 1611 944 537 1612 942 537 1613 945 538 1614 946 538 1615 944 538 1616 947 539 1617 948 539 1618 946 539 1619 949 540 1620 950 540 1621 948 540 1622 951 541 1623 952 541 1624 950 541 1625 953 542 1626 954 542 1627 952 542 1628 955 543 1629 956 543 1630 954 543 1631 957 544 1632 958 544 1633 956 544 1634 959 545 1635 896 545 1636 958 545 1637 2 546 1638 3 546 1639 1 546 1640 4 547 1641 5 547 1642 3 547 1643 6 548 1644 7 548 1645 5 548 1646 8 549 1647 9 549 1648 7 549 1649 10 550 1650 11 550 1651 9 550 1652 12 551 1653 13 551 1654 11 551 1655 14 552 1656 15 552 1657 13 552 1658 16 553 1659 17 553 1660 15 553 1661 18 554 1662 19 554 1663 17 554 1664 20 555 1665 21 555 1666 19 555 1667 22 556 1668 23 556 1669 21 556 1670 24 557 1671 25 557 1672 23 557 1673 26 558 1674 27 558 1675 25 558 1676 28 559 1677 29 559 1678 27 559 1679 30 560 1680 31 560 1681 29 560 1682 32 561 1683 33 561 1684 31 561 1685 34 562 1686 35 562 1687 33 562 1688 36 563 1689 37 563 1690 35 563 1691 38 564 1692 39 564 1693 37 564 1694 40 565 1695 41 565 1696 39 565 1697 42 566 1698 43 566 1699 41 566 1700 44 567 1701 45 567 1702 43 567 1703 46 568 1704 47 568 1705 45 568 1706 48 569 1707 49 569 1708 47 569 1709 50 570 1710 51 570 1711 49 570 1712 52 571 1713 53 571 1714 51 571 1715 54 572 1716 55 572 1717 53 572 1718 56 573 1719 57 573 1720 55 573 1721 58 574 1722 59 574 1723 57 574 1724 60 575 1725 61 575 1726 59 575 1727 62 576 1728 63 576 1729 61 576 1730 0 577 1731 1 577 1732 63 577 1733 65 578 1734 64 578 1735 95 578 1736 95 579 1737 94 579 1738 93 579 1739 93 580 1740 92 580 1741 89 580 1742 92 581 1743 91 581 1744 89 581 1745 91 582 1746 90 582 1747 89 582 1748 89 583 1749 88 583 1750 87 583 1751 87 584 1752 86 584 1753 85 584 1754 85 585 1755 84 585 1756 81 585 1757 84 586 1758 83 586 1759 81 586 1760 83 587 1761 82 587 1762 81 587 1763 81 588 1764 80 588 1765 79 588 1766 79 589 1767 78 589 1768 77 589 1769 77 590 1770 76 590 1771 73 590 1772 76 591 1773 75 591 1774 73 591 1775 75 592 1776 74 592 1777 73 592 1778 73 593 1779 72 593 1780 71 593 1781 71 594 1782 70 594 1783 69 594 1784 69 595 1785 68 595 1786 65 595 1787 68 596 1788 67 596 1789 65 596 1790 67 597 1791 66 597 1792 65 597 1793 65 598 1794 95 598 1795 89 598 1796 95 599 1797 93 599 1798 89 599 1799 89 600 1800 87 600 1801 81 600 1802 87 601 1803 85 601 1804 81 601 1805 81 602 1806 79 602 1807 73 602 1808 79 603 1809 77 603 1810 73 603 1811 73 604 1812 71 604 1813 65 604 1814 71 605 1815 69 605 1816 65 605 1817 65 606 1818 89 606 1819 81 606 1820 145 607 1821 128 607 1822 129 607 1823 147 608 1824 131 608 1825 130 608 1826 149 609 1827 133 609 1828 132 609 1829 151 610 1830 135 610 1831 134 610 1832 153 611 1833 137 611 1834 136 611 1835 155 612 1836 139 612 1837 138 612 1838 157 613 1839 141 613 1840 140 613 1841 159 614 1842 143 614 1843 142 614 1844 284 615 1845 285 615 1846 347 615 1847 96 616 1848 163 616 1849 162 616 1850 162 617 1851 165 617 1852 98 617 1853 165 618 1854 167 618 1855 99 618 1856 167 619 1857 169 619 1858 100 619 1859 169 620 1860 171 620 1861 101 620 1862 101 621 1863 171 621 1864 173 621 1865 102 622 1866 173 622 1867 175 622 1868 175 623 1869 177 623 1870 104 623 1871 104 624 1872 177 624 1873 179 624 1874 179 625 1875 181 625 1876 106 625 1877 181 626 1878 183 626 1879 107 626 1880 183 627 1881 185 627 1882 108 627 1883 185 628 1884 187 628 1885 109 628 1886 109 629 1887 187 629 1888 189 629 1889 110 630 1890 189 630 1891 191 630 1892 191 631 1893 193 631 1894 112 631 1895 112 632 1896 193 632 1897 195 632 1898 195 633 1899 197 633 1900 114 633 1901 197 634 1902 199 634 1903 115 634 1904 199 635 1905 201 635 1906 116 635 1907 201 636 1908 203 636 1909 117 636 1910 117 637 1911 203 637 1912 205 637 1913 118 638 1914 205 638 1915 207 638 1916 207 639 1917 209 639 1918 120 639 1919 120 640 1920 209 640 1921 211 640 1922 211 641 1923 213 641 1924 122 641 1925 213 642 1926 215 642 1927 123 642 1928 215 643 1929 217 643 1930 124 643 1931 217 644 1932 219 644 1933 125 644 1934 125 645 1935 219 645 1936 221 645 1937 126 646 1938 221 646 1939 223 646 1940 223 647 1941 163 647 1942 96 647 1943 161 648 1944 160 648 1945 224 648 1946 164 649 1947 161 649 1948 225 649 1949 166 650 1950 164 650 1951 226 650 1952 168 651 1953 166 651 1954 227 651 1955 229 652 1956 170 652 1957 168 652 1958 230 653 1959 172 653 1960 170 653 1961 174 654 1962 172 654 1963 230 654 1964 232 655 1965 176 655 1966 174 655 1967 178 656 1968 176 656 1969 232 656 1970 180 657 1971 178 657 1972 233 657 1973 182 658 1974 180 658 1975 234 658 1976 184 659 1977 182 659 1978 235 659 1979 237 660 1980 186 660 1981 184 660 1982 238 661 1983 188 661 1984 186 661 1985 190 662 1986 188 662 1987 238 662 1988 240 663 1989 192 663 1990 190 663 1991 194 664 1992 192 664 1993 240 664 1994 196 665 1995 194 665 1996 241 665 1997 198 666 1998 196 666 1999 242 666 2000 200 667 2001 198 667 2002 243 667 2003 245 668 2004 202 668 2005 200 668 2006 246 669 2007 204 669 2008 202 669 2009 206 670 2010 204 670 2011 246 670 2012 248 671 2013 208 671 2014 206 671 2015 210 672 2016 208 672 2017 248 672 2018 212 673 2019 210 673 2020 249 673 2021 214 674 2022 212 674 2023 250 674 2024 216 675 2025 214 675 2026 251 675 2027 253 676 2028 218 676 2029 216 676 2030 254 677 2031 220 677 2032 218 677 2033 222 678 2034 220 678 2035 254 678 2036 224 679 2037 160 679 2038 222 679 2039 128 680 2040 162 680 2041 163 680 2042 131 681 2043 171 681 2044 169 681 2045 133 682 2046 179 682 2047 177 682 2048 135 683 2049 187 683 2050 185 683 2051 137 684 2052 195 684 2053 193 684 2054 139 685 2055 203 685 2056 201 685 2057 141 686 2058 211 686 2059 209 686 2060 143 687 2061 219 687 2062 217 687 2063 287 688 2064 256 688 2065 288 688 2066 258 689 2067 259 689 2068 295 689 2069 259 690 2070 260 690 2071 297 690 2072 260 691 2073 261 691 2074 299 691 2075 261 692 2076 262 692 2077 301 692 2078 262 693 2079 263 693 2080 303 693 2081 263 694 2082 264 694 2083 305 694 2084 264 695 2085 265 695 2086 307 695 2087 265 696 2088 266 696 2089 309 696 2090 266 697 2091 267 697 2092 311 697 2093 267 698 2094 268 698 2095 313 698 2096 268 699 2097 269 699 2098 315 699 2099 269 700 2100 270 700 2101 317 700 2102 270 701 2103 271 701 2104 319 701 2105 271 702 2106 272 702 2107 321 702 2108 272 703 2109 273 703 2110 323 703 2111 273 704 2112 274 704 2113 325 704 2114 274 705 2115 275 705 2116 327 705 2117 275 706 2118 276 706 2119 329 706 2120 276 707 2121 277 707 2122 331 707 2123 277 708 2124 278 708 2125 333 708 2126 278 709 2127 279 709 2128 335 709 2129 279 710 2130 280 710 2131 337 710 2132 280 711 2133 281 711 2134 339 711 2135 281 712 2136 282 712 2137 341 712 2138 282 713 2139 283 713 2140 343 713 2141 252 714 2142 251 714 2143 342 714 2144 283 715 2145 284 715 2146 345 715 2147 285 716 2148 286 716 2149 349 716 2150 286 717 2151 287 717 2152 351 717 2153 290 718 2154 225 718 2155 224 718 2156 239 719 2157 238 719 2158 316 719 2159 292 720 2160 226 720 2161 225 720 2162 253 721 2163 252 721 2164 344 721 2165 240 722 2166 239 722 2167 318 722 2168 294 723 2169 227 723 2170 226 723 2171 348 724 2172 254 724 2173 253 724 2174 322 725 2175 241 725 2176 240 725 2177 228 726 2178 227 726 2179 294 726 2180 255 727 2181 254 727 2182 348 727 2183 324 728 2184 242 728 2185 241 728 2186 229 729 2187 228 729 2188 296 729 2189 257 730 2190 258 730 2191 293 730 2192 326 731 2193 243 731 2194 242 731 2195 300 732 2196 230 732 2197 229 732 2198 244 733 2199 243 733 2200 326 733 2201 231 734 2202 230 734 2203 300 734 2204 245 735 2205 244 735 2206 328 735 2207 232 736 2208 231 736 2209 302 736 2210 332 737 2211 246 737 2212 245 737 2213 306 738 2214 233 738 2215 232 738 2216 247 739 2217 246 739 2218 332 739 2219 308 740 2220 234 740 2221 233 740 2222 248 741 2223 247 741 2224 334 741 2225 310 742 2226 235 742 2227 234 742 2228 338 743 2229 249 743 2230 248 743 2231 236 744 2232 235 744 2233 310 744 2234 340 745 2235 250 745 2236 249 745 2237 237 746 2238 236 746 2239 312 746 2240 342 747 2241 251 747 2242 250 747 2243 316 748 2244 238 748 2245 237 748 2246 224 749 2247 255 749 2248 350 749 2249 288 750 2250 291 750 2251 290 750 2252 291 751 2253 293 751 2254 292 751 2255 293 752 2256 295 752 2257 294 752 2258 294 753 2259 295 753 2260 297 753 2261 296 754 2262 297 754 2263 299 754 2264 299 755 2265 301 755 2266 300 755 2267 300 756 2268 301 756 2269 303 756 2270 303 757 2271 305 757 2272 304 757 2273 305 758 2274 307 758 2275 306 758 2276 307 759 2277 309 759 2278 308 759 2279 309 760 2280 311 760 2281 310 760 2282 310 761 2283 311 761 2284 313 761 2285 312 762 2286 313 762 2287 315 762 2288 315 763 2289 317 763 2290 316 763 2291 316 764 2292 317 764 2293 319 764 2294 319 765 2295 321 765 2296 320 765 2297 321 766 2298 323 766 2299 322 766 2300 323 767 2301 325 767 2302 324 767 2303 325 768 2304 327 768 2305 326 768 2306 326 769 2307 327 769 2308 329 769 2309 328 770 2310 329 770 2311 331 770 2312 331 771 2313 333 771 2314 332 771 2315 332 772 2316 333 772 2317 335 772 2318 335 773 2319 337 773 2320 336 773 2321 337 774 2322 339 774 2323 338 774 2324 339 775 2325 341 775 2326 340 775 2327 341 776 2328 343 776 2329 342 776 2330 342 777 2331 343 777 2332 345 777 2333 344 778 2334 345 778 2335 347 778 2336 347 779 2337 349 779 2338 348 779 2339 348 780 2340 349 780 2341 351 780 2342 350 781 2343 351 781 2344 288 781 2345 256 782 2346 257 782 2347 291 782 2348 354 783 2349 355 783 2350 353 783 2351 356 784 2352 357 784 2353 355 784 2354 358 785 2355 359 785 2356 357 785 2357 360 786 2358 361 786 2359 359 786 2360 362 787 2361 363 787 2362 361 787 2363 364 788 2364 365 788 2365 363 788 2366 366 789 2367 367 789 2368 365 789 2369 368 790 2370 369 790 2371 367 790 2372 370 791 2373 371 791 2374 369 791 2375 372 792 2376 373 792 2377 371 792 2378 374 793 2379 375 793 2380 373 793 2381 376 794 2382 377 794 2383 375 794 2384 378 795 2385 379 795 2386 377 795 2387 380 796 2388 381 796 2389 379 796 2390 382 797 2391 383 797 2392 381 797 2393 384 798 2394 385 798 2395 383 798 2396 386 799 2397 387 799 2398 385 799 2399 388 800 2400 389 800 2401 387 800 2402 390 801 2403 391 801 2404 389 801 2405 392 802 2406 393 802 2407 391 802 2408 394 803 2409 395 803 2410 393 803 2411 396 804 2412 397 804 2413 395 804 2414 398 805 2415 399 805 2416 397 805 2417 400 806 2418 401 806 2419 399 806 2420 402 807 2421 403 807 2422 401 807 2423 404 808 2424 405 808 2425 403 808 2426 406 809 2427 407 809 2428 405 809 2429 408 810 2430 409 810 2431 407 810 2432 410 811 2433 411 811 2434 409 811 2435 412 812 2436 413 812 2437 411 812 2438 414 813 2439 415 813 2440 413 813 2441 352 814 2442 353 814 2443 415 814 2444 418 815 2445 419 815 2446 417 815 2447 420 816 2448 421 816 2449 419 816 2450 422 817 2451 423 817 2452 421 817 2453 424 818 2454 425 818 2455 423 818 2456 426 819 2457 427 819 2458 425 819 2459 428 820 2460 429 820 2461 427 820 2462 430 821 2463 431 821 2464 429 821 2465 432 822 2466 433 822 2467 431 822 2468 434 823 2469 435 823 2470 433 823 2471 436 824 2472 437 824 2473 435 824 2474 438 825 2475 439 825 2476 437 825 2477 440 826 2478 441 826 2479 439 826 2480 442 827 2481 443 827 2482 441 827 2483 444 828 2484 445 828 2485 443 828 2486 446 829 2487 447 829 2488 445 829 2489 448 830 2490 449 830 2491 447 830 2492 450 831 2493 451 831 2494 449 831 2495 452 832 2496 453 832 2497 451 832 2498 454 833 2499 455 833 2500 453 833 2501 456 834 2502 457 834 2503 455 834 2504 458 835 2505 459 835 2506 457 835 2507 460 836 2508 461 836 2509 459 836 2510 462 837 2511 463 837 2512 461 837 2513 464 838 2514 465 838 2515 463 838 2516 466 839 2517 467 839 2518 465 839 2519 468 840 2520 469 840 2521 467 840 2522 470 841 2523 471 841 2524 469 841 2525 472 842 2526 473 842 2527 471 842 2528 474 843 2529 475 843 2530 473 843 2531 476 844 2532 477 844 2533 475 844 2534 478 845 2535 479 845 2536 477 845 2537 416 846 2538 417 846 2539 479 846 2540 481 847 2541 483 847 2542 482 847 2543 483 848 2544 485 848 2545 484 848 2546 485 849 2547 487 849 2548 486 849 2549 487 850 2550 489 850 2551 488 850 2552 489 851 2553 491 851 2554 490 851 2555 491 852 2556 493 852 2557 492 852 2558 493 853 2559 495 853 2560 494 853 2561 495 854 2562 497 854 2563 496 854 2564 497 855 2565 499 855 2566 498 855 2567 499 856 2568 501 856 2569 500 856 2570 501 857 2571 503 857 2572 502 857 2573 503 858 2574 505 858 2575 504 858 2576 505 859 2577 507 859 2578 506 859 2579 507 860 2580 509 860 2581 508 860 2582 509 861 2583 511 861 2584 510 861 2585 511 862 2586 513 862 2587 512 862 2588 513 863 2589 515 863 2590 514 863 2591 515 864 2592 517 864 2593 516 864 2594 517 865 2595 519 865 2596 518 865 2597 519 866 2598 521 866 2599 520 866 2600 521 867 2601 523 867 2602 522 867 2603 523 868 2604 525 868 2605 524 868 2606 525 869 2607 527 869 2608 526 869 2609 527 870 2610 529 870 2611 528 870 2612 529 871 2613 531 871 2614 530 871 2615 531 872 2616 533 872 2617 532 872 2618 533 873 2619 535 873 2620 534 873 2621 535 874 2622 537 874 2623 536 874 2624 537 875 2625 539 875 2626 538 875 2627 539 876 2628 541 876 2629 540 876 2630 541 877 2631 543 877 2632 542 877 2633 543 878 2634 481 878 2635 480 878 2636 575 879 2637 544 879 2638 545 879 2639 545 880 2640 546 880 2641 547 880 2642 547 881 2643 548 881 2644 551 881 2645 548 882 2646 549 882 2647 551 882 2648 549 883 2649 550 883 2650 551 883 2651 551 884 2652 552 884 2653 553 884 2654 553 885 2655 554 885 2656 555 885 2657 555 886 2658 556 886 2659 559 886 2660 556 887 2661 557 887 2662 559 887 2663 557 888 2664 558 888 2665 559 888 2666 559 889 2667 560 889 2668 561 889 2669 561 890 2670 562 890 2671 563 890 2672 563 891 2673 564 891 2674 567 891 2675 564 892 2676 565 892 2677 567 892 2678 565 893 2679 566 893 2680 567 893 2681 567 894 2682 568 894 2683 569 894 2684 569 895 2685 570 895 2686 571 895 2687 571 896 2688 572 896 2689 575 896 2690 572 897 2691 573 897 2692 575 897 2693 573 898 2694 574 898 2695 575 898 2696 575 899 2697 545 899 2698 551 899 2699 545 900 2700 547 900 2701 551 900 2702 551 901 2703 553 901 2704 559 901 2705 553 902 2706 555 902 2707 559 902 2708 559 903 2709 561 903 2710 567 903 2711 561 904 2712 563 904 2713 567 904 2714 567 905 2715 569 905 2716 575 905 2717 569 906 2718 571 906 2719 575 906 2720 575 907 2721 551 907 2722 559 907 2723 609 908 2724 608 908 2725 625 908 2726 610 909 2727 611 909 2728 627 909 2729 612 910 2730 613 910 2731 629 910 2732 614 911 2733 615 911 2734 631 911 2735 616 912 2736 617 912 2737 633 912 2738 618 913 2739 619 913 2740 635 913 2741 620 914 2742 621 914 2743 637 914 2744 622 915 2745 623 915 2746 639 915 2747 827 916 2748 765 916 2749 764 916 2750 576 917 2751 577 917 2752 642 917 2753 578 918 2754 645 918 2755 642 918 2756 579 919 2757 647 919 2758 645 919 2759 580 920 2760 649 920 2761 647 920 2762 581 921 2763 651 921 2764 649 921 2765 581 922 2766 582 922 2767 653 922 2768 582 923 2769 583 923 2770 655 923 2771 584 924 2772 657 924 2773 655 924 2774 584 925 2775 585 925 2776 659 925 2777 586 926 2778 661 926 2779 659 926 2780 587 927 2781 663 927 2782 661 927 2783 588 928 2784 665 928 2785 663 928 2786 589 929 2787 667 929 2788 665 929 2789 589 930 2790 590 930 2791 669 930 2792 590 931 2793 591 931 2794 671 931 2795 592 932 2796 673 932 2797 671 932 2798 592 933 2799 593 933 2800 675 933 2801 594 934 2802 677 934 2803 675 934 2804 595 935 2805 679 935 2806 677 935 2807 596 936 2808 681 936 2809 679 936 2810 597 937 2811 683 937 2812 681 937 2813 597 938 2814 598 938 2815 685 938 2816 598 939 2817 599 939 2818 687 939 2819 600 940 2820 689 940 2821 687 940 2822 600 941 2823 601 941 2824 691 941 2825 602 942 2826 693 942 2827 691 942 2828 603 943 2829 695 943 2830 693 943 2831 604 944 2832 697 944 2833 695 944 2834 605 945 2835 699 945 2836 697 945 2837 605 946 2838 606 946 2839 701 946 2840 606 947 2841 607 947 2842 703 947 2843 576 948 2844 643 948 2845 703 948 2846 704 949 2847 640 949 2848 641 949 2849 705 950 2850 641 950 2851 644 950 2852 706 951 2853 644 951 2854 646 951 2855 707 952 2856 646 952 2857 648 952 2858 709 953 2859 708 953 2860 648 953 2861 710 954 2862 709 954 2863 650 954 2864 710 955 2865 652 955 2866 654 955 2867 712 956 2868 711 956 2869 654 956 2870 712 957 2871 656 957 2872 658 957 2873 713 958 2874 658 958 2875 660 958 2876 714 959 2877 660 959 2878 662 959 2879 715 960 2880 662 960 2881 664 960 2882 717 961 2883 716 961 2884 664 961 2885 718 962 2886 717 962 2887 666 962 2888 718 963 2889 668 963 2890 670 963 2891 720 964 2892 719 964 2893 670 964 2894 720 965 2895 672 965 2896 674 965 2897 721 966 2898 674 966 2899 676 966 2900 722 967 2901 676 967 2902 678 967 2903 723 968 2904 678 968 2905 680 968 2906 725 969 2907 724 969 2908 680 969 2909 726 970 2910 725 970 2911 682 970 2912 726 971 2913 684 971 2914 686 971 2915 728 972 2916 727 972 2917 686 972 2918 728 973 2919 688 973 2920 690 973 2921 729 974 2922 690 974 2923 692 974 2924 730 975 2925 692 975 2926 694 975 2927 731 976 2928 694 976 2929 696 976 2930 733 977 2931 732 977 2932 696 977 2933 734 978 2934 733 978 2935 698 978 2936 734 979 2937 700 979 2938 702 979 2939 704 980 2940 735 980 2941 702 980 2942 608 981 2943 609 981 2944 643 981 2945 611 982 2946 610 982 2947 649 982 2948 613 983 2949 612 983 2950 657 983 2951 615 984 2952 614 984 2953 665 984 2954 617 985 2955 616 985 2956 673 985 2957 619 986 2958 618 986 2959 681 986 2960 621 987 2961 620 987 2962 689 987 2963 623 988 2964 622 988 2965 697 988 2966 768 989 2967 736 989 2968 767 989 2969 775 990 2970 739 990 2971 738 990 2972 777 991 2973 740 991 2974 739 991 2975 779 992 2976 741 992 2977 740 992 2978 781 993 2979 742 993 2980 741 993 2981 783 994 2982 743 994 2983 742 994 2984 785 995 2985 744 995 2986 743 995 2987 787 996 2988 745 996 2989 744 996 2990 789 997 2991 746 997 2992 745 997 2993 791 998 2994 747 998 2995 746 998 2996 793 999 2997 748 999 2998 747 999 2999 795 1000 3000 749 1000 3001 748 1000 3002 797 1001 3003 750 1001 3004 749 1001 3005 799 1002 3006 751 1002 3007 750 1002 3008 801 1003 3009 752 1003 3010 751 1003 3011 803 1004 3012 753 1004 3013 752 1004 3014 805 1005 3015 754 1005 3016 753 1005 3017 807 1006 3018 755 1006 3019 754 1006 3020 809 1007 3021 756 1007 3022 755 1007 3023 811 1008 3024 757 1008 3025 756 1008 3026 813 1009 3027 758 1009 3028 757 1009 3029 815 1010 3030 759 1010 3031 758 1010 3032 817 1011 3033 760 1011 3034 759 1011 3035 819 1012 3036 761 1012 3037 760 1012 3038 821 1013 3039 762 1013 3040 761 1013 3041 823 1014 3042 763 1014 3043 762 1014 3044 822 1015 3045 731 1015 3046 732 1015 3047 825 1016 3048 764 1016 3049 763 1016 3050 829 1017 3051 766 1017 3052 765 1017 3053 831 1018 3054 767 1018 3055 766 1018 3056 770 1019 3057 769 1019 3058 704 1019 3059 796 1020 3060 718 1020 3061 719 1020 3062 772 1021 3063 770 1021 3064 705 1021 3065 824 1022 3066 732 1022 3067 733 1022 3068 798 1023 3069 719 1023 3070 720 1023 3071 774 1024 3072 772 1024 3073 706 1024 3074 828 1025 3075 826 1025 3076 733 1025 3077 802 1026 3078 800 1026 3079 720 1026 3080 774 1027 3081 707 1027 3082 708 1027 3083 828 1028 3084 734 1028 3085 735 1028 3086 804 1029 3087 802 1029 3088 721 1029 3089 776 1030 3090 708 1030 3091 709 1030 3092 773 1031 3093 738 1031 3094 737 1031 3095 806 1032 3096 804 1032 3097 722 1032 3098 780 1033 3099 778 1033 3100 709 1033 3101 806 1034 3102 723 1034 3103 724 1034 3104 780 1035 3105 710 1035 3106 711 1035 3107 808 1036 3108 724 1036 3109 725 1036 3110 782 1037 3111 711 1037 3112 712 1037 3113 812 1038 3114 810 1038 3115 725 1038 3116 786 1039 3117 784 1039 3118 712 1039 3119 812 1040 3120 726 1040 3121 727 1040 3122 788 1041 3123 786 1041 3124 713 1041 3125 814 1042 3126 727 1042 3127 728 1042 3128 790 1043 3129 788 1043 3130 714 1043 3131 818 1044 3132 816 1044 3133 728 1044 3134 790 1045 3135 715 1045 3136 716 1045 3137 820 1046 3138 818 1046 3139 729 1046 3140 792 1047 3141 716 1047 3142 717 1047 3143 822 1048 3144 820 1048 3145 730 1048 3146 796 1049 3147 794 1049 3148 717 1049 3149 830 1050 3150 735 1050 3151 704 1050 3152 770 1051 3153 771 1051 3154 768 1051 3155 772 1052 3156 773 1052 3157 771 1052 3158 774 1053 3159 775 1053 3160 773 1053 3161 774 1054 3162 776 1054 3163 777 1054 3164 776 1055 3165 778 1055 3166 779 1055 3167 780 1056 3168 781 1056 3169 779 1056 3170 780 1057 3171 782 1057 3172 783 1057 3173 784 1058 3174 785 1058 3175 783 1058 3176 786 1059 3177 787 1059 3178 785 1059 3179 788 1060 3180 789 1060 3181 787 1060 3182 790 1061 3183 791 1061 3184 789 1061 3185 790 1062 3186 792 1062 3187 793 1062 3188 792 1063 3189 794 1063 3190 795 1063 3191 796 1064 3192 797 1064 3193 795 1064 3194 796 1065 3195 798 1065 3196 799 1065 3197 800 1066 3198 801 1066 3199 799 1066 3200 802 1067 3201 803 1067 3202 801 1067 3203 804 1068 3204 805 1068 3205 803 1068 3206 806 1069 3207 807 1069 3208 805 1069 3209 806 1070 3210 808 1070 3211 809 1070 3212 808 1071 3213 810 1071 3214 811 1071 3215 812 1072 3216 813 1072 3217 811 1072 3218 812 1073 3219 814 1073 3220 815 1073 3221 816 1074 3222 817 1074 3223 815 1074 3224 818 1075 3225 819 1075 3226 817 1075 3227 820 1076 3228 821 1076 3229 819 1076 3230 822 1077 3231 823 1077 3232 821 1077 3233 822 1078 3234 824 1078 3235 825 1078 3236 824 1079 3237 826 1079 3238 827 1079 3239 828 1080 3240 829 1080 3241 827 1080 3242 828 1081 3243 830 1081 3244 831 1081 3245 830 1082 3246 769 1082 3247 768 1082 3248 771 1083 3249 737 1083 3250 736 1083 3251 833 1084 3252 835 1084 3253 834 1084 3254 835 1085 3255 837 1085 3256 836 1085 3257 837 1086 3258 839 1086 3259 838 1086 3260 839 1087 3261 841 1087 3262 840 1087 3263 841 1088 3264 843 1088 3265 842 1088 3266 843 1089 3267 845 1089 3268 844 1089 3269 845 1090 3270 847 1090 3271 846 1090 3272 847 1091 3273 849 1091 3274 848 1091 3275 849 1092 3276 851 1092 3277 850 1092 3278 851 1093 3279 853 1093 3280 852 1093 3281 853 1094 3282 855 1094 3283 854 1094 3284 855 1095 3285 857 1095 3286 856 1095 3287 857 1096 3288 859 1096 3289 858 1096 3290 859 1097 3291 861 1097 3292 860 1097 3293 861 1098 3294 863 1098 3295 862 1098 3296 863 1099 3297 865 1099 3298 864 1099 3299 865 1100 3300 867 1100 3301 866 1100 3302 867 1101 3303 869 1101 3304 868 1101 3305 869 1102 3306 871 1102 3307 870 1102 3308 871 1103 3309 873 1103 3310 872 1103 3311 873 1104 3312 875 1104 3313 874 1104 3314 875 1105 3315 877 1105 3316 876 1105 3317 877 1106 3318 879 1106 3319 878 1106 3320 879 1107 3321 881 1107 3322 880 1107 3323 881 1108 3324 883 1108 3325 882 1108 3326 883 1109 3327 885 1109 3328 884 1109 3329 885 1110 3330 887 1110 3331 886 1110 3332 887 1111 3333 889 1111 3334 888 1111 3335 889 1112 3336 891 1112 3337 890 1112 3338 891 1113 3339 893 1113 3340 892 1113 3341 893 1114 3342 895 1114 3343 894 1114 3344 895 1115 3345 833 1115 3346 832 1115 3347 897 1116 3348 899 1116 3349 898 1116 3350 899 1117 3351 901 1117 3352 900 1117 3353 901 1118 3354 903 1118 3355 902 1118 3356 903 1119 3357 905 1119 3358 904 1119 3359 905 1120 3360 907 1120 3361 906 1120 3362 907 1121 3363 909 1121 3364 908 1121 3365 909 1122 3366 911 1122 3367 910 1122 3368 911 1123 3369 913 1123 3370 912 1123 3371 913 1124 3372 915 1124 3373 914 1124 3374 915 1125 3375 917 1125 3376 916 1125 3377 917 1126 3378 919 1126 3379 918 1126 3380 919 1127 3381 921 1127 3382 920 1127 3383 921 1128 3384 923 1128 3385 922 1128 3386 923 1129 3387 925 1129 3388 924 1129 3389 925 1130 3390 927 1130 3391 926 1130 3392 927 1131 3393 929 1131 3394 928 1131 3395 929 1132 3396 931 1132 3397 930 1132 3398 931 1133 3399 933 1133 3400 932 1133 3401 933 1134 3402 935 1134 3403 934 1134 3404 935 1135 3405 937 1135 3406 936 1135 3407 937 1136 3408 939 1136 3409 938 1136 3410 939 1137 3411 941 1137 3412 940 1137 3413 941 1138 3414 943 1138 3415 942 1138 3416 943 1139 3417 945 1139 3418 944 1139 3419 945 1140 3420 947 1140 3421 946 1140 3422 947 1141 3423 949 1141 3424 948 1141 3425 949 1142 3426 951 1142 3427 950 1142 3428 951 1143 3429 953 1143 3430 952 1143 3431 953 1144 3432 955 1144 3433 954 1144 3434 955 1145 3435 957 1145 3436 956 1145 3437 957 1146 3438 959 1146 3439 958 1146 3440 959 1147 3441 897 1147 3442 896 1147 3443</p>
        </triangles>
      </mesh>
    </geometry>
  </library_geometries>
  <library_visual_scenes>
    <visual_scene id="Scene" name="Scene">
      <node id="Cylinder_002" name="Cylinder.002" type="NODE">
        <matrix sid="transform">1 0 0 0 0 1 0 0 0 0 1 1.463673 0 0 0 1</matrix>
        <instance_geometry url="#Cylinder_002-mesh" name="Cylinder.002">
          <bind_material>
            <technique_common>
              <instance_material symbol="Material_001-material" target="#Material_001-material">
                <bind_vertex_input semantic="UVMap" input_semantic="TEXCOORD" input_set="0"/>
              </instance_material>
            </technique_common>
          </bind_material>
        </instance_geometry>
      </node>
    </visual_scene>
  </library_visual_scenes>
  <scene>
    <instance_visual_scene url="#Scene"/>
  </scene>
</COLLADA>